dish,ingredient,quantity_g,basis,source,source_type,reason,notes
Aloo,Potato,100.0,RAW_INGREDIENT_GRAM_PER_SERVING,PROJECT_HOSTEL_PORTION_MODEL,PROJECT_ASSUMPTION,Standardized institutional serving portion model,Raw ingredient issuance per single standard serving
Aloo Bhaji,Potato,80.0,RAW_INGREDIENT_GRAM_PER_SERVING,PROJECT_HOSTEL_PORTION_MODEL,PROJECT_ASSUMPTION,Standardized institutional serving portion model,Raw ingredient issuance per single standard serving
Aloo Bhaji,Onion,15.0,RAW_INGREDIENT_GRAM_PER_SERVING,PROJECT_HOSTEL_PORTION_MODEL,PROJECT_ASSUMPTION,Standardized institutional serving portion model,Raw ingredient issuance per single standard serving
Aloo Bhaji,Vegetable oil,5.0,RAW_INGREDIENT_GRAM_PER_SERVING,PROJECT_HOSTEL_PORTION_MODEL,PROJECT_ASSUMPTION,Standardized institutional serving portion model,Raw ingredient issuance per single standard serving
Aloo Bhaji,Green chilli,2.0,RAW_INGREDIENT_GRAM_PER_SERVING,PROJECT_HOSTEL_PORTION_MODEL,PROJECT_ASSUMPTION,Standardized institutional serving portion model,Raw ingredient issuance per single standard serving
Aloo Bonda,Potato,50.0,RAW_INGREDIENT_GRAM_PER_SERVING,PROJECT_HOSTEL_PORTION_MODEL,PROJECT_ASSUMPTION,Standardized institutional serving portion model,Raw ingredient issuance per single standard serving
Aloo Bonda,"Bengal gram, flour",20.0,RAW_INGREDIENT_GRAM_PER_SERVING,PROJECT_HOSTEL_PORTION_MODEL,PROJECT_ASSUMPTION,Standardized institutional serving portion model,Raw ingredient issuance per single standard serving
Aloo Bonda,Vegetable oil,10.0,RAW_INGREDIENT_GRAM_PER_SERVING,PROJECT_HOSTEL_PORTION_MODEL,PROJECT_ASSUMPTION,Standardized institutional serving portion model,Raw ingredient issuance per single standard serving
Aloo Bonda,Green chilli,2.0,RAW_INGREDIENT_GRAM_PER_SERVING,PROJECT_HOSTEL_PORTION_MODEL,PROJECT_ASSUMPTION,Standardized institutional serving portion model,Raw ingredient issuance per single standard serving
Aloo Cabbage Matar,Potato,40.0,RAW_INGREDIENT_GRAM_PER_SERVING,PROJECT_HOSTEL_PORTION_MODEL,PROJECT_ASSUMPTION,Standardized institutional serving portion model,Raw ingredient issuance per single standard serving
Aloo Cabbage Matar,Cabbage,35.0,RAW_INGREDIENT_GRAM_PER_SERVING,PROJECT_HOSTEL_PORTION_MODEL,PROJECT_ASSUMPTION,Standardized institutional serving portion model,Raw ingredient issuance per single standard serving
Aloo Cabbage Matar,Green peas,20.0,RAW_INGREDIENT_GRAM_PER_SERVING,PROJECT_HOSTEL_PORTION_MODEL,PROJECT_ASSUMPTION,Standardized institutional serving portion model,Raw ingredient issuance per single standard serving
Aloo Cabbage Matar,Onion,10.0,RAW_INGREDIENT_GRAM_PER_SERVING,PROJECT_HOSTEL_PORTION_MODEL,PROJECT_ASSUMPTION,Standardized institutional serving portion model,Raw ingredient issuance per single standard serving
Aloo Cabbage Matar,Vegetable oil,5.0,RAW_INGREDIENT_GRAM_PER_SERVING,PROJECT_HOSTEL_PORTION_MODEL,PROJECT_ASSUMPTION,Standardized institutional serving portion model,Raw ingredient issuance per single standard serving
Aloo Capsicum,Potato,50.0,RAW_INGREDIENT_GRAM_PER_SERVING,PROJECT_HOSTEL_PORTION_MODEL,PROJECT_ASSUMPTION,Standardized institutional serving portion model,Raw ingredient issuance per single standard serving
Aloo Capsicum,"Capsicum, green",40.0,RAW_INGREDIENT_GRAM_PER_SERVING,PROJECT_HOSTEL_PORTION_MODEL,PROJECT_ASSUMPTION,Standardized institutional serving portion model,Raw ingredient issuance per single standard serving
Aloo Capsicum,Onion,10.0,RAW_INGREDIENT_GRAM_PER_SERVING,PROJECT_HOSTEL_PORTION_MODEL,PROJECT_ASSUMPTION,Standardized institutional serving portion model,Raw ingredient issuance per single standard serving
Aloo Capsicum,Tomato,10.0,RAW_INGREDIENT_GRAM_PER_SERVING,PROJECT_HOSTEL_PORTION_MODEL,PROJECT_ASSUMPTION,Standardized institutional serving portion model,Raw ingredient issuance per single standard serving
Aloo Capsicum,Vegetable oil,5.0,RAW_INGREDIENT_GRAM_PER_SERVING,PROJECT_HOSTEL_PORTION_MODEL,PROJECT_ASSUMPTION,Standardized institutional serving portion model,Raw ingredient issuance per single standard serving
Aloo Jeera,Potato,85.0,RAW_INGREDIENT_GRAM_PER_SERVING,PROJECT_HOSTEL_PORTION_MODEL,PROJECT_ASSUMPTION,Standardized institutional serving portion model,Raw ingredient issuance per single standard serving
Aloo Jeera,Vegetable oil,5.0,RAW_INGREDIENT_GRAM_PER_SERVING,PROJECT_HOSTEL_PORTION_MODEL,PROJECT_ASSUMPTION,Standardized institutional serving portion model,Raw ingredient issuance per single standard serving
Aloo Jeera,Cumin seeds,2.0,RAW_INGREDIENT_GRAM_PER_SERVING,PROJECT_HOSTEL_PORTION_MODEL,PROJECT_ASSUMPTION,Standardized institutional serving portion model,Raw ingredient issuance per single standard serving
Aloo Jeera,Green chilli,2.0,RAW_INGREDIENT_GRAM_PER_SERVING,PROJECT_HOSTEL_PORTION_MODEL,PROJECT_ASSUMPTION,Standardized institutional serving portion model,Raw ingredient issuance per single standard serving
Aloo Matar,Potato,50.0,RAW_INGREDIENT_GRAM_PER_SERVING,PROJECT_HOSTEL_PORTION_MODEL,PROJECT_ASSUMPTION,Standardized institutional serving portion model,Raw ingredient issuance per single standard serving
Aloo Matar,Green peas,40.0,RAW_INGREDIENT_GRAM_PER_SERVING,PROJECT_HOSTEL_PORTION_MODEL,PROJECT_ASSUMPTION,Standardized institutional serving portion model,Raw ingredient issuance per single standard serving
Aloo Matar,Onion,10.0,RAW_INGREDIENT_GRAM_PER_SERVING,PROJECT_HOSTEL_PORTION_MODEL,PROJECT_ASSUMPTION,Standardized institutional serving portion model,Raw ingredient issuance per single standard serving
Aloo Matar,Tomato,10.0,RAW_INGREDIENT_GRAM_PER_SERVING,PROJECT_HOSTEL_PORTION_MODEL,PROJECT_ASSUMPTION,Standardized institutional serving portion model,Raw ingredient issuance per single standard serving
Aloo Matar,Vegetable oil,5.0,RAW_INGREDIENT_GRAM_PER_SERVING,PROJECT_HOSTEL_PORTION_MODEL,PROJECT_ASSUMPTION,Standardized institutional serving portion model,Raw ingredient issuance per single standard serving
Aloo Onion Kadhi,Curd / Dahi,40.0,RAW_INGREDIENT_GRAM_PER_SERVING,PROJECT_HOSTEL_PORTION_MODEL,PROJECT_ASSUMPTION,Standardized institutional serving portion model,Raw ingredient issuance per single standard serving
Aloo Onion Kadhi,"Bengal gram, flour",15.0,RAW_INGREDIENT_GRAM_PER_SERVING,PROJECT_HOSTEL_PORTION_MODEL,PROJECT_ASSUMPTION,Standardized institutional serving portion model,Raw ingredient issuance per single standard serving
Aloo Onion Kadhi,Potato,25.0,RAW_INGREDIENT_GRAM_PER_SERVING,PROJECT_HOSTEL_PORTION_MODEL,PROJECT_ASSUMPTION,Standardized institutional serving portion model,Raw ingredient issuance per single standard serving
Aloo Onion Kadhi,Onion,15.0,RAW_INGREDIENT_GRAM_PER_SERVING,PROJECT_HOSTEL_PORTION_MODEL,PROJECT_ASSUMPTION,Standardized institutional serving portion model,Raw ingredient issuance per single standard serving
Aloo Onion Kadhi,Vegetable oil,5.0,RAW_INGREDIENT_GRAM_PER_SERVING,PROJECT_HOSTEL_PORTION_MODEL,PROJECT_ASSUMPTION,Standardized institutional serving portion model,Raw ingredient issuance per single standard serving
Amritsari Badi,"Black gram, dal",25.0,RAW_INGREDIENT_GRAM_PER_SERVING,PROJECT_HOSTEL_PORTION_MODEL,PROJECT_ASSUMPTION,Standardized institutional serving portion model,Raw ingredient issuance per single standard serving
Amritsari Badi,Potato,25.0,RAW_INGREDIENT_GRAM_PER_SERVING,PROJECT_HOSTEL_PORTION_MODEL,PROJECT_ASSUMPTION,Standardized institutional serving portion model,Raw ingredient issuance per single standard serving
Amritsari Badi,Onion,10.0,RAW_INGREDIENT_GRAM_PER_SERVING,PROJECT_HOSTEL_PORTION_MODEL,PROJECT_ASSUMPTION,Standardized institutional serving portion model,Raw ingredient issuance per single standard serving
Amritsari Badi,Tomato,10.0,RAW_INGREDIENT_GRAM_PER_SERVING,PROJECT_HOSTEL_PORTION_MODEL,PROJECT_ASSUMPTION,Standardized institutional serving portion model,Raw ingredient issuance per single standard serving
Amritsari Badi,Vegetable oil,5.0,RAW_INGREDIENT_GRAM_PER_SERVING,PROJECT_HOSTEL_PORTION_MODEL,PROJECT_ASSUMPTION,Standardized institutional serving portion model,Raw ingredient issuance per single standard serving
Banana,Banana,100.0,RAW_INGREDIENT_GRAM_PER_SERVING,PROJECT_HOSTEL_PORTION_MODEL,PROJECT_ASSUMPTION,Standardized institutional serving portion model,Raw ingredient issuance per single standard serving
Beetroot Cucumber Salad,Beetroot,45.0,RAW_INGREDIENT_GRAM_PER_SERVING,PROJECT_HOSTEL_PORTION_MODEL,PROJECT_ASSUMPTION,Standardized institutional serving portion model,Raw ingredient issuance per single standard serving
Beetroot Cucumber Salad,Cucumber,45.0,RAW_INGREDIENT_GRAM_PER_SERVING,PROJECT_HOSTEL_PORTION_MODEL,PROJECT_ASSUMPTION,Standardized institutional serving portion model,Raw ingredient issuance per single standard serving
Beetroot Cucumber Salad,Lemon,5.0,RAW_INGREDIENT_GRAM_PER_SERVING,PROJECT_HOSTEL_PORTION_MODEL,PROJECT_ASSUMPTION,Standardized institutional serving portion model,Raw ingredient issuance per single standard serving
Besan Chilla,"Bengal gram, flour",40.0,RAW_INGREDIENT_GRAM_PER_SERVING,PROJECT_HOSTEL_PORTION_MODEL,PROJECT_ASSUMPTION,Standardized institutional serving portion model,Raw ingredient issuance per single standard serving
Besan Chilla,Onion,15.0,RAW_INGREDIENT_GRAM_PER_SERVING,PROJECT_HOSTEL_PORTION_MODEL,PROJECT_ASSUMPTION,Standardized institutional serving portion model,Raw ingredient issuance per single standard serving
Besan Chilla,Tomato,10.0,RAW_INGREDIENT_GRAM_PER_SERVING,PROJECT_HOSTEL_PORTION_MODEL,PROJECT_ASSUMPTION,Standardized institutional serving portion model,Raw ingredient issuance per single standard serving
Besan Chilla,Green chilli,2.0,RAW_INGREDIENT_GRAM_PER_SERVING,PROJECT_HOSTEL_PORTION_MODEL,PROJECT_ASSUMPTION,Standardized institutional serving portion model,Raw ingredient issuance per single standard serving
Besan Chilla,Vegetable oil,5.0,RAW_INGREDIENT_GRAM_PER_SERVING,PROJECT_HOSTEL_PORTION_MODEL,PROJECT_ASSUMPTION,Standardized institutional serving portion model,Raw ingredient issuance per single standard serving
Besan Ka Halwa,"Bengal gram, flour",25.0,RAW_INGREDIENT_GRAM_PER_SERVING,PROJECT_HOSTEL_PORTION_MODEL,PROJECT_ASSUMPTION,Standardized institutional serving portion model,Raw ingredient issuance per single standard serving
Besan Ka Halwa,Ghee,15.0,RAW_INGREDIENT_GRAM_PER_SERVING,PROJECT_HOSTEL_PORTION_MODEL,PROJECT_ASSUMPTION,Standardized institutional serving portion model,Raw ingredient issuance per single standard serving
Besan Ka Halwa,"Sugar, refined",15.0,RAW_INGREDIENT_GRAM_PER_SERVING,PROJECT_HOSTEL_PORTION_MODEL,PROJECT_ASSUMPTION,Standardized institutional serving portion model,Raw ingredient issuance per single standard serving
Besan Ka Halwa,"Milk, whole, cow",30.0,RAW_INGREDIENT_GRAM_PER_SERVING,PROJECT_HOSTEL_PORTION_MODEL,PROJECT_ASSUMPTION,Standardized institutional serving portion model,Raw ingredient issuance per single standard serving
Biscuit,Commercial biscuit,30.0,RAW_INGREDIENT_GRAM_PER_SERVING,PROJECT_HOSTEL_PORTION_MODEL,PROJECT_ASSUMPTION,Standardized institutional serving portion model,Raw ingredient issuance per single standard serving
Black Chana,"Bengal gram, whole",35.0,RAW_INGREDIENT_GRAM_PER_SERVING,PROJECT_HOSTEL_PORTION_MODEL,PROJECT_ASSUMPTION,Standardized institutional serving portion model,Raw ingredient issuance per single standard serving
Black Chana,Onion,15.0,RAW_INGREDIENT_GRAM_PER_SERVING,PROJECT_HOSTEL_PORTION_MODEL,PROJECT_ASSUMPTION,Standardized institutional serving portion model,Raw ingredient issuance per single standard serving
Black Chana,Tomato,15.0,RAW_INGREDIENT_GRAM_PER_SERVING,PROJECT_HOSTEL_PORTION_MODEL,PROJECT_ASSUMPTION,Standardized institutional serving portion model,Raw ingredient issuance per single standard serving
Black Chana,Vegetable oil,5.0,RAW_INGREDIENT_GRAM_PER_SERVING,PROJECT_HOSTEL_PORTION_MODEL,PROJECT_ASSUMPTION,Standardized institutional serving portion model,Raw ingredient issuance per single standard serving
Black Dal Tadka,"Black gram, whole",30.0,RAW_INGREDIENT_GRAM_PER_SERVING,PROJECT_HOSTEL_PORTION_MODEL,PROJECT_ASSUMPTION,Standardized institutional serving portion model,Raw ingredient issuance per single standard serving
Black Dal Tadka,Onion,5.0,RAW_INGREDIENT_GRAM_PER_SERVING,PROJECT_HOSTEL_PORTION_MODEL,PROJECT_ASSUMPTION,Standardized institutional serving portion model,Raw ingredient issuance per single standard serving
Black Dal Tadka,Tomato,5.0,RAW_INGREDIENT_GRAM_PER_SERVING,PROJECT_HOSTEL_PORTION_MODEL,PROJECT_ASSUMPTION,Standardized institutional serving portion model,Raw ingredient issuance per single standard serving
Black Dal Tadka,Vegetable oil,5.0,RAW_INGREDIENT_GRAM_PER_SERVING,PROJECT_HOSTEL_PORTION_MODEL,PROJECT_ASSUMPTION,Standardized institutional serving portion model,Raw ingredient issuance per single standard serving
Black Dal Tadka,Garlic,2.0,RAW_INGREDIENT_GRAM_PER_SERVING,PROJECT_HOSTEL_PORTION_MODEL,PROJECT_ASSUMPTION,Standardized institutional serving portion model,Raw ingredient issuance per single standard serving
Boiled Egg,"Egg, whole",50.0,RAW_INGREDIENT_GRAM_PER_SERVING,PROJECT_HOSTEL_PORTION_MODEL,PROJECT_ASSUMPTION,Standardized institutional serving portion model,Raw ingredient issuance per single standard serving
Boondi Raita,Curd / Dahi,80.0,RAW_INGREDIENT_GRAM_PER_SERVING,PROJECT_HOSTEL_PORTION_MODEL,PROJECT_ASSUMPTION,Standardized institutional serving portion model,Raw ingredient issuance per single standard serving
Boondi Raita,"Bengal gram, flour",15.0,RAW_INGREDIENT_GRAM_PER_SERVING,PROJECT_HOSTEL_PORTION_MODEL,PROJECT_ASSUMPTION,Standardized institutional serving portion model,Raw ingredient issuance per single standard serving
Boondi Raita,Vegetable oil,3.0,RAW_INGREDIENT_GRAM_PER_SERVING,PROJECT_HOSTEL_PORTION_MODEL,PROJECT_ASSUMPTION,Standardized institutional serving portion model,Raw ingredient issuance per single standard serving
Bread,Commercial bread,50.0,RAW_INGREDIENT_GRAM_PER_SERVING,PROJECT_HOSTEL_PORTION_MODEL,PROJECT_ASSUMPTION,Standardized institutional serving portion model,Raw ingredient issuance per single standard serving
Bread Pakora,Commercial bread,30.0,RAW_INGREDIENT_GRAM_PER_SERVING,PROJECT_HOSTEL_PORTION_MODEL,PROJECT_ASSUMPTION,Standardized institutional serving portion model,Raw ingredient issuance per single standard serving
Bread Pakora,Potato,30.0,RAW_INGREDIENT_GRAM_PER_SERVING,PROJECT_HOSTEL_PORTION_MODEL,PROJECT_ASSUMPTION,Standardized institutional serving portion model,Raw ingredient issuance per single standard serving
Bread Pakora,"Bengal gram, flour",20.0,RAW_INGREDIENT_GRAM_PER_SERVING,PROJECT_HOSTEL_PORTION_MODEL,PROJECT_ASSUMPTION,Standardized institutional serving portion model,Raw ingredient issuance per single standard serving
Bread Pakora,Vegetable oil,10.0,RAW_INGREDIENT_GRAM_PER_SERVING,PROJECT_HOSTEL_PORTION_MODEL,PROJECT_ASSUMPTION,Standardized institutional serving portion model,Raw ingredient issuance per single standard serving
Brownie,Commercial brownie,50.0,RAW_INGREDIENT_GRAM_PER_SERVING,PROJECT_HOSTEL_PORTION_MODEL,PROJECT_ASSUMPTION,Standardized institutional serving portion model,Raw ingredient issuance per single standard serving
Butter Chicken,"Chicken meat, breast",80.0,RAW_INGREDIENT_GRAM_PER_SERVING,PROJECT_HOSTEL_PORTION_MODEL,PROJECT_ASSUMPTION,Standardized institutional serving portion model,Raw ingredient issuance per single standard serving
Butter Chicken,Tomato,25.0,RAW_INGREDIENT_GRAM_PER_SERVING,PROJECT_HOSTEL_PORTION_MODEL,PROJECT_ASSUMPTION,Standardized institutional serving portion model,Raw ingredient issuance per single standard serving
Butter Chicken,Butter,5.0,RAW_INGREDIENT_GRAM_PER_SERVING,PROJECT_HOSTEL_PORTION_MODEL,PROJECT_ASSUMPTION,Standardized institutional serving portion model,Raw ingredient issuance per single standard serving
Butter Chicken,"Milk, whole, cow",15.0,RAW_INGREDIENT_GRAM_PER_SERVING,PROJECT_HOSTEL_PORTION_MODEL,PROJECT_ASSUMPTION,Standardized institutional serving portion model,Raw ingredient issuance per single standard serving
Butter Chicken,Onion,10.0,RAW_INGREDIENT_GRAM_PER_SERVING,PROJECT_HOSTEL_PORTION_MODEL,PROJECT_ASSUMPTION,Standardized institutional serving portion model,Raw ingredient issuance per single standard serving
Butter Chicken,Vegetable oil,5.0,RAW_INGREDIENT_GRAM_PER_SERVING,PROJECT_HOSTEL_PORTION_MODEL,PROJECT_ASSUMPTION,Standardized institutional serving portion model,Raw ingredient issuance per single standard serving
Chaas,Curd / Dahi,50.0,RAW_INGREDIENT_GRAM_PER_SERVING,PROJECT_HOSTEL_PORTION_MODEL,PROJECT_ASSUMPTION,Standardized institutional serving portion model,Raw ingredient issuance per single standard serving
Chana Dal Tadka,"Bengal gram, dal",30.0,RAW_INGREDIENT_GRAM_PER_SERVING,PROJECT_HOSTEL_PORTION_MODEL,PROJECT_ASSUMPTION,Standardized institutional serving portion model,Raw ingredient issuance per single standard serving
Chana Dal Tadka,Onion,5.0,RAW_INGREDIENT_GRAM_PER_SERVING,PROJECT_HOSTEL_PORTION_MODEL,PROJECT_ASSUMPTION,Standardized institutional serving portion model,Raw ingredient issuance per single standard serving
Chana Dal Tadka,Tomato,5.0,RAW_INGREDIENT_GRAM_PER_SERVING,PROJECT_HOSTEL_PORTION_MODEL,PROJECT_ASSUMPTION,Standardized institutional serving portion model,Raw ingredient issuance per single standard serving
Chana Dal Tadka,Vegetable oil,5.0,RAW_INGREDIENT_GRAM_PER_SERVING,PROJECT_HOSTEL_PORTION_MODEL,PROJECT_ASSUMPTION,Standardized institutional serving portion model,Raw ingredient issuance per single standard serving
Chana Dal Tadka,Cumin seeds,1.0,RAW_INGREDIENT_GRAM_PER_SERVING,PROJECT_HOSTEL_PORTION_MODEL,PROJECT_ASSUMPTION,Standardized institutional serving portion model,Raw ingredient issuance per single standard serving
Chana Peanut Salad,"Bengal gram, whole",40.0,RAW_INGREDIENT_GRAM_PER_SERVING,PROJECT_HOSTEL_PORTION_MODEL,PROJECT_ASSUMPTION,Standardized institutional serving portion model,Raw ingredient issuance per single standard serving
Chana Peanut Salad,Groundnut / Peanut,20.0,RAW_INGREDIENT_GRAM_PER_SERVING,PROJECT_HOSTEL_PORTION_MODEL,PROJECT_ASSUMPTION,Standardized institutional serving portion model,Raw ingredient issuance per single standard serving
Chana Peanut Salad,Onion,15.0,RAW_INGREDIENT_GRAM_PER_SERVING,PROJECT_HOSTEL_PORTION_MODEL,PROJECT_ASSUMPTION,Standardized institutional serving portion model,Raw ingredient issuance per single standard serving
Chana Peanut Salad,Tomato,15.0,RAW_INGREDIENT_GRAM_PER_SERVING,PROJECT_HOSTEL_PORTION_MODEL,PROJECT_ASSUMPTION,Standardized institutional serving portion model,Raw ingredient issuance per single standard serving
Chana Peanut Salad,Lemon,5.0,RAW_INGREDIENT_GRAM_PER_SERVING,PROJECT_HOSTEL_PORTION_MODEL,PROJECT_ASSUMPTION,Standardized institutional serving portion model,Raw ingredient issuance per single standard serving
Chana Toor Dal,"Bengal gram, dal",15.0,RAW_INGREDIENT_GRAM_PER_SERVING,PROJECT_HOSTEL_PORTION_MODEL,PROJECT_ASSUMPTION,Standardized institutional serving portion model,Raw ingredient issuance per single standard serving
Chana Toor Dal,"Red gram, dal",15.0,RAW_INGREDIENT_GRAM_PER_SERVING,PROJECT_HOSTEL_PORTION_MODEL,PROJECT_ASSUMPTION,Standardized institutional serving portion model,Raw ingredient issuance per single standard serving
Chana Toor Dal,Onion,5.0,RAW_INGREDIENT_GRAM_PER_SERVING,PROJECT_HOSTEL_PORTION_MODEL,PROJECT_ASSUMPTION,Standardized institutional serving portion model,Raw ingredient issuance per single standard serving
Chana Toor Dal,Tomato,5.0,RAW_INGREDIENT_GRAM_PER_SERVING,PROJECT_HOSTEL_PORTION_MODEL,PROJECT_ASSUMPTION,Standardized institutional serving portion model,Raw ingredient issuance per single standard serving
Chana Toor Dal,Vegetable oil,5.0,RAW_INGREDIENT_GRAM_PER_SERVING,PROJECT_HOSTEL_PORTION_MODEL,PROJECT_ASSUMPTION,Standardized institutional serving portion model,Raw ingredient issuance per single standard serving
Chapati,"Wheat flour, atta",30.0,RAW_INGREDIENT_GRAM_PER_SERVING,PROJECT_HOSTEL_PORTION_MODEL,PROJECT_ASSUMPTION,Standardized institutional serving portion model,Raw ingredient issuance per single standard serving
Chicken Curry,"Chicken meat, breast",80.0,RAW_INGREDIENT_GRAM_PER_SERVING,PROJECT_HOSTEL_PORTION_MODEL,PROJECT_ASSUMPTION,Standardized institutional serving portion model,Raw ingredient issuance per single standard serving
Chicken Curry,Onion,20.0,RAW_INGREDIENT_GRAM_PER_SERVING,PROJECT_HOSTEL_PORTION_MODEL,PROJECT_ASSUMPTION,Standardized institutional serving portion model,Raw ingredient issuance per single standard serving
Chicken Curry,Tomato,20.0,RAW_INGREDIENT_GRAM_PER_SERVING,PROJECT_HOSTEL_PORTION_MODEL,PROJECT_ASSUMPTION,Standardized institutional serving portion model,Raw ingredient issuance per single standard serving
Chicken Curry,Ginger,2.0,RAW_INGREDIENT_GRAM_PER_SERVING,PROJECT_HOSTEL_PORTION_MODEL,PROJECT_ASSUMPTION,Standardized institutional serving portion model,Raw ingredient issuance per single standard serving
Chicken Curry,Garlic,2.0,RAW_INGREDIENT_GRAM_PER_SERVING,PROJECT_HOSTEL_PORTION_MODEL,PROJECT_ASSUMPTION,Standardized institutional serving portion model,Raw ingredient issuance per single standard serving
Chicken Curry,Vegetable oil,5.0,RAW_INGREDIENT_GRAM_PER_SERVING,PROJECT_HOSTEL_PORTION_MODEL,PROJECT_ASSUMPTION,Standardized institutional serving portion model,Raw ingredient issuance per single standard serving
Chicken Kolhapuri,"Chicken meat, breast",80.0,RAW_INGREDIENT_GRAM_PER_SERVING,PROJECT_HOSTEL_PORTION_MODEL,PROJECT_ASSUMPTION,Standardized institutional serving portion model,Raw ingredient issuance per single standard serving
Chicken Kolhapuri,Onion,20.0,RAW_INGREDIENT_GRAM_PER_SERVING,PROJECT_HOSTEL_PORTION_MODEL,PROJECT_ASSUMPTION,Standardized institutional serving portion model,Raw ingredient issuance per single standard serving
Chicken Kolhapuri,Tomato,15.0,RAW_INGREDIENT_GRAM_PER_SERVING,PROJECT_HOSTEL_PORTION_MODEL,PROJECT_ASSUMPTION,Standardized institutional serving portion model,Raw ingredient issuance per single standard serving
Chicken Kolhapuri,"Coconut, dry",5.0,RAW_INGREDIENT_GRAM_PER_SERVING,PROJECT_HOSTEL_PORTION_MODEL,PROJECT_ASSUMPTION,Standardized institutional serving portion model,Raw ingredient issuance per single standard serving
Chicken Kolhapuri,Vegetable oil,5.0,RAW_INGREDIENT_GRAM_PER_SERVING,PROJECT_HOSTEL_PORTION_MODEL,PROJECT_ASSUMPTION,Standardized institutional serving portion model,Raw ingredient issuance per single standard serving
Chips,Commercial chips,30.0,RAW_INGREDIENT_GRAM_PER_SERVING,PROJECT_HOSTEL_PORTION_MODEL,PROJECT_ASSUMPTION,Standardized institutional serving portion model,Raw ingredient issuance per single standard serving
Chocolate,Commercial chocolate,30.0,RAW_INGREDIENT_GRAM_PER_SERVING,PROJECT_HOSTEL_PORTION_MODEL,PROJECT_ASSUMPTION,Standardized institutional serving portion model,Raw ingredient issuance per single standard serving
Chocolate Pie,Commercial chocolate,40.0,RAW_INGREDIENT_GRAM_PER_SERVING,PROJECT_HOSTEL_PORTION_MODEL,PROJECT_ASSUMPTION,Standardized institutional serving portion model,Raw ingredient issuance per single standard serving
Chole Bhature,"Wheat flour, refined",40.0,RAW_INGREDIENT_GRAM_PER_SERVING,PROJECT_HOSTEL_PORTION_MODEL,PROJECT_ASSUMPTION,Standardized institutional serving portion model,Raw ingredient issuance per single standard serving
Chole Bhature,Kabuli chana,30.0,RAW_INGREDIENT_GRAM_PER_SERVING,PROJECT_HOSTEL_PORTION_MODEL,PROJECT_ASSUMPTION,Standardized institutional serving portion model,Raw ingredient issuance per single standard serving
Chole Bhature,Onion,15.0,RAW_INGREDIENT_GRAM_PER_SERVING,PROJECT_HOSTEL_PORTION_MODEL,PROJECT_ASSUMPTION,Standardized institutional serving portion model,Raw ingredient issuance per single standard serving
Chole Bhature,Tomato,15.0,RAW_INGREDIENT_GRAM_PER_SERVING,PROJECT_HOSTEL_PORTION_MODEL,PROJECT_ASSUMPTION,Standardized institutional serving portion model,Raw ingredient issuance per single standard serving
Chole Bhature,Vegetable oil,10.0,RAW_INGREDIENT_GRAM_PER_SERVING,PROJECT_HOSTEL_PORTION_MODEL,PROJECT_ASSUMPTION,Standardized institutional serving portion model,Raw ingredient issuance per single standard serving
Chutney,Mint leaves,15.0,RAW_INGREDIENT_GRAM_PER_SERVING,PROJECT_HOSTEL_PORTION_MODEL,PROJECT_ASSUMPTION,Standardized institutional serving portion model,Raw ingredient issuance per single standard serving
Chutney,Coriander leaves,15.0,RAW_INGREDIENT_GRAM_PER_SERVING,PROJECT_HOSTEL_PORTION_MODEL,PROJECT_ASSUMPTION,Standardized institutional serving portion model,Raw ingredient issuance per single standard serving
Chutney,Green chilli,5.0,RAW_INGREDIENT_GRAM_PER_SERVING,PROJECT_HOSTEL_PORTION_MODEL,PROJECT_ASSUMPTION,Standardized institutional serving portion model,Raw ingredient issuance per single standard serving
Chutney,Lemon,5.0,RAW_INGREDIENT_GRAM_PER_SERVING,PROJECT_HOSTEL_PORTION_MODEL,PROJECT_ASSUMPTION,Standardized institutional serving portion model,Raw ingredient issuance per single standard serving
Coconut Laddu,"Coconut, dry",25.0,RAW_INGREDIENT_GRAM_PER_SERVING,PROJECT_HOSTEL_PORTION_MODEL,PROJECT_ASSUMPTION,Standardized institutional serving portion model,Raw ingredient issuance per single standard serving
Coconut Laddu,Condensed milk,25.0,RAW_INGREDIENT_GRAM_PER_SERVING,PROJECT_HOSTEL_PORTION_MODEL,PROJECT_ASSUMPTION,Standardized institutional serving portion model,Raw ingredient issuance per single standard serving
Coconut Laddu,"Sugar, refined",10.0,RAW_INGREDIENT_GRAM_PER_SERVING,PROJECT_HOSTEL_PORTION_MODEL,PROJECT_ASSUMPTION,Standardized institutional serving portion model,Raw ingredient issuance per single standard serving
Coffee,"Milk, whole, cow",100.0,RAW_INGREDIENT_GRAM_PER_SERVING,PROJECT_HOSTEL_PORTION_MODEL,PROJECT_ASSUMPTION,Standardized institutional serving portion model,Raw ingredient issuance per single standard serving
Coffee,"Sugar, refined",8.0,RAW_INGREDIENT_GRAM_PER_SERVING,PROJECT_HOSTEL_PORTION_MODEL,PROJECT_ASSUMPTION,Standardized institutional serving portion model,Raw ingredient issuance per single standard serving
Coffee,Coffee powder,2.0,RAW_INGREDIENT_GRAM_PER_SERVING,PROJECT_HOSTEL_PORTION_MODEL,PROJECT_ASSUMPTION,Standardized institutional serving portion model,Raw ingredient issuance per single standard serving
Corn Peas Masala,Sweet corn,45.0,RAW_INGREDIENT_GRAM_PER_SERVING,PROJECT_HOSTEL_PORTION_MODEL,PROJECT_ASSUMPTION,Standardized institutional serving portion model,Raw ingredient issuance per single standard serving
Corn Peas Masala,Green peas,45.0,RAW_INGREDIENT_GRAM_PER_SERVING,PROJECT_HOSTEL_PORTION_MODEL,PROJECT_ASSUMPTION,Standardized institutional serving portion model,Raw ingredient issuance per single standard serving
Corn Peas Masala,Onion,10.0,RAW_INGREDIENT_GRAM_PER_SERVING,PROJECT_HOSTEL_PORTION_MODEL,PROJECT_ASSUMPTION,Standardized institutional serving portion model,Raw ingredient issuance per single standard serving
Corn Peas Masala,Tomato,10.0,RAW_INGREDIENT_GRAM_PER_SERVING,PROJECT_HOSTEL_PORTION_MODEL,PROJECT_ASSUMPTION,Standardized institutional serving portion model,Raw ingredient issuance per single standard serving
Corn Peas Masala,Vegetable oil,5.0,RAW_INGREDIENT_GRAM_PER_SERVING,PROJECT_HOSTEL_PORTION_MODEL,PROJECT_ASSUMPTION,Standardized institutional serving portion model,Raw ingredient issuance per single standard serving
Cornflakes,Commercial cornflakes,30.0,RAW_INGREDIENT_GRAM_PER_SERVING,PROJECT_HOSTEL_PORTION_MODEL,PROJECT_ASSUMPTION,Standardized institutional serving portion model,Raw ingredient issuance per single standard serving
Cream Roll,Commercial cream roll,50.0,RAW_INGREDIENT_GRAM_PER_SERVING,PROJECT_HOSTEL_PORTION_MODEL,PROJECT_ASSUMPTION,Standardized institutional serving portion model,Raw ingredient issuance per single standard serving
Crispy Dal Kachori,"Wheat flour, refined",30.0,RAW_INGREDIENT_GRAM_PER_SERVING,PROJECT_HOSTEL_PORTION_MODEL,PROJECT_ASSUMPTION,Standardized institutional serving portion model,Raw ingredient issuance per single standard serving
Crispy Dal Kachori,"Green gram, dal",20.0,RAW_INGREDIENT_GRAM_PER_SERVING,PROJECT_HOSTEL_PORTION_MODEL,PROJECT_ASSUMPTION,Standardized institutional serving portion model,Raw ingredient issuance per single standard serving
Crispy Dal Kachori,Vegetable oil,10.0,RAW_INGREDIENT_GRAM_PER_SERVING,PROJECT_HOSTEL_PORTION_MODEL,PROJECT_ASSUMPTION,Standardized institutional serving portion model,Raw ingredient issuance per single standard serving
Cucumber Salad,Cucumber,90.0,RAW_INGREDIENT_GRAM_PER_SERVING,PROJECT_HOSTEL_PORTION_MODEL,PROJECT_ASSUMPTION,Standardized institutional serving portion model,Raw ingredient issuance per single standard serving
Cucumber Salad,Lemon,5.0,RAW_INGREDIENT_GRAM_PER_SERVING,PROJECT_HOSTEL_PORTION_MODEL,PROJECT_ASSUMPTION,Standardized institutional serving portion model,Raw ingredient issuance per single standard serving
Custard,"Milk, whole, cow",120.0,RAW_INGREDIENT_GRAM_PER_SERVING,PROJECT_HOSTEL_PORTION_MODEL,PROJECT_ASSUMPTION,Standardized institutional serving portion model,Raw ingredient issuance per single standard serving
Custard,"Sugar, refined",12.0,RAW_INGREDIENT_GRAM_PER_SERVING,PROJECT_HOSTEL_PORTION_MODEL,PROJECT_ASSUMPTION,Standardized institutional serving portion model,Raw ingredient issuance per single standard serving
Dahi Aloo,Potato,65.0,RAW_INGREDIENT_GRAM_PER_SERVING,PROJECT_HOSTEL_PORTION_MODEL,PROJECT_ASSUMPTION,Standardized institutional serving portion model,Raw ingredient issuance per single standard serving
Dahi Aloo,Curd / Dahi,35.0,RAW_INGREDIENT_GRAM_PER_SERVING,PROJECT_HOSTEL_PORTION_MODEL,PROJECT_ASSUMPTION,Standardized institutional serving portion model,Raw ingredient issuance per single standard serving
Dahi Aloo,Vegetable oil,5.0,RAW_INGREDIENT_GRAM_PER_SERVING,PROJECT_HOSTEL_PORTION_MODEL,PROJECT_ASSUMPTION,Standardized institutional serving portion model,Raw ingredient issuance per single standard serving
Dahi Aloo,Cumin seeds,1.0,RAW_INGREDIENT_GRAM_PER_SERVING,PROJECT_HOSTEL_PORTION_MODEL,PROJECT_ASSUMPTION,Standardized institutional serving portion model,Raw ingredient issuance per single standard serving
Dal Makhani,"Black gram, whole",25.0,RAW_INGREDIENT_GRAM_PER_SERVING,PROJECT_HOSTEL_PORTION_MODEL,PROJECT_ASSUMPTION,Standardized institutional serving portion model,Raw ingredient issuance per single standard serving
Dal Makhani,Kidney beans,5.0,RAW_INGREDIENT_GRAM_PER_SERVING,PROJECT_HOSTEL_PORTION_MODEL,PROJECT_ASSUMPTION,Standardized institutional serving portion model,Raw ingredient issuance per single standard serving
Dal Makhani,Tomato,15.0,RAW_INGREDIENT_GRAM_PER_SERVING,PROJECT_HOSTEL_PORTION_MODEL,PROJECT_ASSUMPTION,Standardized institutional serving portion model,Raw ingredient issuance per single standard serving
Dal Makhani,Butter,5.0,RAW_INGREDIENT_GRAM_PER_SERVING,PROJECT_HOSTEL_PORTION_MODEL,PROJECT_ASSUMPTION,Standardized institutional serving portion model,Raw ingredient issuance per single standard serving
Dal Makhani,Vegetable oil,5.0,RAW_INGREDIENT_GRAM_PER_SERVING,PROJECT_HOSTEL_PORTION_MODEL,PROJECT_ASSUMPTION,Standardized institutional serving portion model,Raw ingredient issuance per single standard serving
Dal Maratha,"Red gram, dal",30.0,RAW_INGREDIENT_GRAM_PER_SERVING,PROJECT_HOSTEL_PORTION_MODEL,PROJECT_ASSUMPTION,Standardized institutional serving portion model,Raw ingredient issuance per single standard serving
Dal Maratha,Onion,10.0,RAW_INGREDIENT_GRAM_PER_SERVING,PROJECT_HOSTEL_PORTION_MODEL,PROJECT_ASSUMPTION,Standardized institutional serving portion model,Raw ingredient issuance per single standard serving
Dal Maratha,Tomato,10.0,RAW_INGREDIENT_GRAM_PER_SERVING,PROJECT_HOSTEL_PORTION_MODEL,PROJECT_ASSUMPTION,Standardized institutional serving portion model,Raw ingredient issuance per single standard serving
Dal Maratha,"Coconut, dry",5.0,RAW_INGREDIENT_GRAM_PER_SERVING,PROJECT_HOSTEL_PORTION_MODEL,PROJECT_ASSUMPTION,Standardized institutional serving portion model,Raw ingredient issuance per single standard serving
Dal Maratha,Garlic,2.0,RAW_INGREDIENT_GRAM_PER_SERVING,PROJECT_HOSTEL_PORTION_MODEL,PROJECT_ASSUMPTION,Standardized institutional serving portion model,Raw ingredient issuance per single standard serving
Dal Maratha,Vegetable oil,5.0,RAW_INGREDIENT_GRAM_PER_SERVING,PROJECT_HOSTEL_PORTION_MODEL,PROJECT_ASSUMPTION,Standardized institutional serving portion model,Raw ingredient issuance per single standard serving
Dal Palak,"Red gram, dal",25.0,RAW_INGREDIENT_GRAM_PER_SERVING,PROJECT_HOSTEL_PORTION_MODEL,PROJECT_ASSUMPTION,Standardized institutional serving portion model,Raw ingredient issuance per single standard serving
Dal Palak,Spinach,25.0,RAW_INGREDIENT_GRAM_PER_SERVING,PROJECT_HOSTEL_PORTION_MODEL,PROJECT_ASSUMPTION,Standardized institutional serving portion model,Raw ingredient issuance per single standard serving
Dal Palak,Onion,5.0,RAW_INGREDIENT_GRAM_PER_SERVING,PROJECT_HOSTEL_PORTION_MODEL,PROJECT_ASSUMPTION,Standardized institutional serving portion model,Raw ingredient issuance per single standard serving
Dal Palak,Tomato,5.0,RAW_INGREDIENT_GRAM_PER_SERVING,PROJECT_HOSTEL_PORTION_MODEL,PROJECT_ASSUMPTION,Standardized institutional serving portion model,Raw ingredient issuance per single standard serving
Dal Palak,Vegetable oil,5.0,RAW_INGREDIENT_GRAM_PER_SERVING,PROJECT_HOSTEL_PORTION_MODEL,PROJECT_ASSUMPTION,Standardized institutional serving portion model,Raw ingredient issuance per single standard serving
Danish Bun,Commercial bun,50.0,RAW_INGREDIENT_GRAM_PER_SERVING,PROJECT_HOSTEL_PORTION_MODEL,PROJECT_ASSUMPTION,Standardized institutional serving portion model,Raw ingredient issuance per single standard serving
Dhaba Dal,"Red gram, dal",15.0,RAW_INGREDIENT_GRAM_PER_SERVING,PROJECT_HOSTEL_PORTION_MODEL,PROJECT_ASSUMPTION,Standardized institutional serving portion model,Raw ingredient issuance per single standard serving
Dhaba Dal,"Bengal gram, dal",10.0,RAW_INGREDIENT_GRAM_PER_SERVING,PROJECT_HOSTEL_PORTION_MODEL,PROJECT_ASSUMPTION,Standardized institutional serving portion model,Raw ingredient issuance per single standard serving
Dhaba Dal,"Green gram, dal",5.0,RAW_INGREDIENT_GRAM_PER_SERVING,PROJECT_HOSTEL_PORTION_MODEL,PROJECT_ASSUMPTION,Standardized institutional serving portion model,Raw ingredient issuance per single standard serving
Dhaba Dal,Onion,10.0,RAW_INGREDIENT_GRAM_PER_SERVING,PROJECT_HOSTEL_PORTION_MODEL,PROJECT_ASSUMPTION,Standardized institutional serving portion model,Raw ingredient issuance per single standard serving
Dhaba Dal,Tomato,10.0,RAW_INGREDIENT_GRAM_PER_SERVING,PROJECT_HOSTEL_PORTION_MODEL,PROJECT_ASSUMPTION,Standardized institutional serving portion model,Raw ingredient issuance per single standard serving
Dhaba Dal,Vegetable oil,5.0,RAW_INGREDIENT_GRAM_PER_SERVING,PROJECT_HOSTEL_PORTION_MODEL,PROJECT_ASSUMPTION,Standardized institutional serving portion model,Raw ingredient issuance per single standard serving
Dum Aloo,Potato,70.0,RAW_INGREDIENT_GRAM_PER_SERVING,PROJECT_HOSTEL_PORTION_MODEL,PROJECT_ASSUMPTION,Standardized institutional serving portion model,Raw ingredient issuance per single standard serving
Dum Aloo,Onion,15.0,RAW_INGREDIENT_GRAM_PER_SERVING,PROJECT_HOSTEL_PORTION_MODEL,PROJECT_ASSUMPTION,Standardized institutional serving portion model,Raw ingredient issuance per single standard serving
Dum Aloo,Tomato,15.0,RAW_INGREDIENT_GRAM_PER_SERVING,PROJECT_HOSTEL_PORTION_MODEL,PROJECT_ASSUMPTION,Standardized institutional serving portion model,Raw ingredient issuance per single standard serving
Dum Aloo,Curd / Dahi,10.0,RAW_INGREDIENT_GRAM_PER_SERVING,PROJECT_HOSTEL_PORTION_MODEL,PROJECT_ASSUMPTION,Standardized institutional serving portion model,Raw ingredient issuance per single standard serving
Dum Aloo,Vegetable oil,5.0,RAW_INGREDIENT_GRAM_PER_SERVING,PROJECT_HOSTEL_PORTION_MODEL,PROJECT_ASSUMPTION,Standardized institutional serving portion model,Raw ingredient issuance per single standard serving
Egg Bhurji,"Egg, whole",50.0,RAW_INGREDIENT_GRAM_PER_SERVING,PROJECT_HOSTEL_PORTION_MODEL,PROJECT_ASSUMPTION,Standardized institutional serving portion model,Raw ingredient issuance per single standard serving
Egg Bhurji,Onion,15.0,RAW_INGREDIENT_GRAM_PER_SERVING,PROJECT_HOSTEL_PORTION_MODEL,PROJECT_ASSUMPTION,Standardized institutional serving portion model,Raw ingredient issuance per single standard serving
Egg Bhurji,Tomato,10.0,RAW_INGREDIENT_GRAM_PER_SERVING,PROJECT_HOSTEL_PORTION_MODEL,PROJECT_ASSUMPTION,Standardized institutional serving portion model,Raw ingredient issuance per single standard serving
Egg Bhurji,Green chilli,2.0,RAW_INGREDIENT_GRAM_PER_SERVING,PROJECT_HOSTEL_PORTION_MODEL,PROJECT_ASSUMPTION,Standardized institutional serving portion model,Raw ingredient issuance per single standard serving
Egg Bhurji,Vegetable oil,5.0,RAW_INGREDIENT_GRAM_PER_SERVING,PROJECT_HOSTEL_PORTION_MODEL,PROJECT_ASSUMPTION,Standardized institutional serving portion model,Raw ingredient issuance per single standard serving
Egg Curry,"Egg, whole",50.0,RAW_INGREDIENT_GRAM_PER_SERVING,PROJECT_HOSTEL_PORTION_MODEL,PROJECT_ASSUMPTION,Standardized institutional serving portion model,Raw ingredient issuance per single standard serving
Egg Curry,Onion,15.0,RAW_INGREDIENT_GRAM_PER_SERVING,PROJECT_HOSTEL_PORTION_MODEL,PROJECT_ASSUMPTION,Standardized institutional serving portion model,Raw ingredient issuance per single standard serving
Egg Curry,Tomato,15.0,RAW_INGREDIENT_GRAM_PER_SERVING,PROJECT_HOSTEL_PORTION_MODEL,PROJECT_ASSUMPTION,Standardized institutional serving portion model,Raw ingredient issuance per single standard serving
Egg Curry,Vegetable oil,5.0,RAW_INGREDIENT_GRAM_PER_SERVING,PROJECT_HOSTEL_PORTION_MODEL,PROJECT_ASSUMPTION,Standardized institutional serving portion model,Raw ingredient issuance per single standard serving
Fat Spread,Commercial fat spread,10.0,RAW_INGREDIENT_GRAM_PER_SERVING,PROJECT_HOSTEL_PORTION_MODEL,PROJECT_ASSUMPTION,Standardized institutional serving portion model,Raw ingredient issuance per single standard serving
Fryums,Commercial fryums,30.0,RAW_INGREDIENT_GRAM_PER_SERVING,PROJECT_HOSTEL_PORTION_MODEL,PROJECT_ASSUMPTION,Standardized institutional serving portion model,Raw ingredient issuance per single standard serving
Ghiya Masala,Bottle gourd,80.0,RAW_INGREDIENT_GRAM_PER_SERVING,PROJECT_HOSTEL_PORTION_MODEL,PROJECT_ASSUMPTION,Standardized institutional serving portion model,Raw ingredient issuance per single standard serving
Ghiya Masala,Onion,10.0,RAW_INGREDIENT_GRAM_PER_SERVING,PROJECT_HOSTEL_PORTION_MODEL,PROJECT_ASSUMPTION,Standardized institutional serving portion model,Raw ingredient issuance per single standard serving
Ghiya Masala,Tomato,10.0,RAW_INGREDIENT_GRAM_PER_SERVING,PROJECT_HOSTEL_PORTION_MODEL,PROJECT_ASSUMPTION,Standardized institutional serving portion model,Raw ingredient issuance per single standard serving
Ghiya Masala,Vegetable oil,5.0,RAW_INGREDIENT_GRAM_PER_SERVING,PROJECT_HOSTEL_PORTION_MODEL,PROJECT_ASSUMPTION,Standardized institutional serving portion model,Raw ingredient issuance per single standard serving
Gobhi Adraki,Cauliflower,80.0,RAW_INGREDIENT_GRAM_PER_SERVING,PROJECT_HOSTEL_PORTION_MODEL,PROJECT_ASSUMPTION,Standardized institutional serving portion model,Raw ingredient issuance per single standard serving
Gobhi Adraki,Ginger,5.0,RAW_INGREDIENT_GRAM_PER_SERVING,PROJECT_HOSTEL_PORTION_MODEL,PROJECT_ASSUMPTION,Standardized institutional serving portion model,Raw ingredient issuance per single standard serving
Gobhi Adraki,Onion,10.0,RAW_INGREDIENT_GRAM_PER_SERVING,PROJECT_HOSTEL_PORTION_MODEL,PROJECT_ASSUMPTION,Standardized institutional serving portion model,Raw ingredient issuance per single standard serving
Gobhi Adraki,Tomato,10.0,RAW_INGREDIENT_GRAM_PER_SERVING,PROJECT_HOSTEL_PORTION_MODEL,PROJECT_ASSUMPTION,Standardized institutional serving portion model,Raw ingredient issuance per single standard serving
Gobhi Adraki,Vegetable oil,5.0,RAW_INGREDIENT_GRAM_PER_SERVING,PROJECT_HOSTEL_PORTION_MODEL,PROJECT_ASSUMPTION,Standardized institutional serving portion model,Raw ingredient issuance per single standard serving
Gobhi Matar,Cauliflower,55.0,RAW_INGREDIENT_GRAM_PER_SERVING,PROJECT_HOSTEL_PORTION_MODEL,PROJECT_ASSUMPTION,Standardized institutional serving portion model,Raw ingredient issuance per single standard serving
Gobhi Matar,Green peas,35.0,RAW_INGREDIENT_GRAM_PER_SERVING,PROJECT_HOSTEL_PORTION_MODEL,PROJECT_ASSUMPTION,Standardized institutional serving portion model,Raw ingredient issuance per single standard serving
Gobhi Matar,Onion,10.0,RAW_INGREDIENT_GRAM_PER_SERVING,PROJECT_HOSTEL_PORTION_MODEL,PROJECT_ASSUMPTION,Standardized institutional serving portion model,Raw ingredient issuance per single standard serving
Gobhi Matar,Tomato,10.0,RAW_INGREDIENT_GRAM_PER_SERVING,PROJECT_HOSTEL_PORTION_MODEL,PROJECT_ASSUMPTION,Standardized institutional serving portion model,Raw ingredient issuance per single standard serving
Gobhi Matar,Vegetable oil,5.0,RAW_INGREDIENT_GRAM_PER_SERVING,PROJECT_HOSTEL_PORTION_MODEL,PROJECT_ASSUMPTION,Standardized institutional serving portion model,Raw ingredient issuance per single standard serving
Green Chilli,Green chilli,10.0,RAW_INGREDIENT_GRAM_PER_SERVING,PROJECT_HOSTEL_PORTION_MODEL,PROJECT_ASSUMPTION,Standardized institutional serving portion model,Raw ingredient issuance per single standard serving
Green Peas Masala,Green peas,80.0,RAW_INGREDIENT_GRAM_PER_SERVING,PROJECT_HOSTEL_PORTION_MODEL,PROJECT_ASSUMPTION,Standardized institutional serving portion model,Raw ingredient issuance per single standard serving
Green Peas Masala,Onion,15.0,RAW_INGREDIENT_GRAM_PER_SERVING,PROJECT_HOSTEL_PORTION_MODEL,PROJECT_ASSUMPTION,Standardized institutional serving portion model,Raw ingredient issuance per single standard serving
Green Peas Masala,Tomato,15.0,RAW_INGREDIENT_GRAM_PER_SERVING,PROJECT_HOSTEL_PORTION_MODEL,PROJECT_ASSUMPTION,Standardized institutional serving portion model,Raw ingredient issuance per single standard serving
Green Peas Masala,Vegetable oil,5.0,RAW_INGREDIENT_GRAM_PER_SERVING,PROJECT_HOSTEL_PORTION_MODEL,PROJECT_ASSUMPTION,Standardized institutional serving portion model,Raw ingredient issuance per single standard serving
Green Salad,Cucumber,40.0,RAW_INGREDIENT_GRAM_PER_SERVING,PROJECT_HOSTEL_PORTION_MODEL,PROJECT_ASSUMPTION,Standardized institutional serving portion model,Raw ingredient issuance per single standard serving
Green Salad,Tomato,30.0,RAW_INGREDIENT_GRAM_PER_SERVING,PROJECT_HOSTEL_PORTION_MODEL,PROJECT_ASSUMPTION,Standardized institutional serving portion model,Raw ingredient issuance per single standard serving
Green Salad,Onion,30.0,RAW_INGREDIENT_GRAM_PER_SERVING,PROJECT_HOSTEL_PORTION_MODEL,PROJECT_ASSUMPTION,Standardized institutional serving portion model,Raw ingredient issuance per single standard serving
Gulab Jamun,Khoa,30.0,RAW_INGREDIENT_GRAM_PER_SERVING,PROJECT_HOSTEL_PORTION_MODEL,PROJECT_ASSUMPTION,Standardized institutional serving portion model,Raw ingredient issuance per single standard serving
Gulab Jamun,"Wheat flour, refined",10.0,RAW_INGREDIENT_GRAM_PER_SERVING,PROJECT_HOSTEL_PORTION_MODEL,PROJECT_ASSUMPTION,Standardized institutional serving portion model,Raw ingredient issuance per single standard serving
Gulab Jamun,"Sugar, refined",15.0,RAW_INGREDIENT_GRAM_PER_SERVING,PROJECT_HOSTEL_PORTION_MODEL,PROJECT_ASSUMPTION,Standardized institutional serving portion model,Raw ingredient issuance per single standard serving
Gulab Jamun,Ghee,5.0,RAW_INGREDIENT_GRAM_PER_SERVING,PROJECT_HOSTEL_PORTION_MODEL,PROJECT_ASSUMPTION,Standardized institutional serving portion model,Raw ingredient issuance per single standard serving
Halwa,"Wheat, semolina",25.0,RAW_INGREDIENT_GRAM_PER_SERVING,PROJECT_HOSTEL_PORTION_MODEL,PROJECT_ASSUMPTION,Standardized institutional serving portion model,Raw ingredient issuance per single standard serving
Halwa,Ghee,15.0,RAW_INGREDIENT_GRAM_PER_SERVING,PROJECT_HOSTEL_PORTION_MODEL,PROJECT_ASSUMPTION,Standardized institutional serving portion model,Raw ingredient issuance per single standard serving
Halwa,"Sugar, refined",15.0,RAW_INGREDIENT_GRAM_PER_SERVING,PROJECT_HOSTEL_PORTION_MODEL,PROJECT_ASSUMPTION,Standardized institutional serving portion model,Raw ingredient issuance per single standard serving
Jam,Commercial jam,15.0,RAW_INGREDIENT_GRAM_PER_SERVING,PROJECT_HOSTEL_PORTION_MODEL,PROJECT_ASSUMPTION,Standardized institutional serving portion model,Raw ingredient issuance per single standard serving
Jeera Aloo,Potato,85.0,RAW_INGREDIENT_GRAM_PER_SERVING,PROJECT_HOSTEL_PORTION_MODEL,PROJECT_ASSUMPTION,Standardized institutional serving portion model,Raw ingredient issuance per single standard serving
Jeera Aloo,Vegetable oil,5.0,RAW_INGREDIENT_GRAM_PER_SERVING,PROJECT_HOSTEL_PORTION_MODEL,PROJECT_ASSUMPTION,Standardized institutional serving portion model,Raw ingredient issuance per single standard serving
Jeera Aloo,Cumin seeds,2.0,RAW_INGREDIENT_GRAM_PER_SERVING,PROJECT_HOSTEL_PORTION_MODEL,PROJECT_ASSUMPTION,Standardized institutional serving portion model,Raw ingredient issuance per single standard serving
Jeera Aloo,Green chilli,2.0,RAW_INGREDIENT_GRAM_PER_SERVING,PROJECT_HOSTEL_PORTION_MODEL,PROJECT_ASSUMPTION,Standardized institutional serving portion model,Raw ingredient issuance per single standard serving
Jeera Raita,Curd / Dahi,95.0,RAW_INGREDIENT_GRAM_PER_SERVING,PROJECT_HOSTEL_PORTION_MODEL,PROJECT_ASSUMPTION,Standardized institutional serving portion model,Raw ingredient issuance per single standard serving
Jeera Raita,Cumin seeds,2.0,RAW_INGREDIENT_GRAM_PER_SERVING,PROJECT_HOSTEL_PORTION_MODEL,PROJECT_ASSUMPTION,Standardized institutional serving portion model,Raw ingredient issuance per single standard serving
Jeera Rice,"Rice, raw/parboiled",60.0,RAW_INGREDIENT_GRAM_PER_SERVING,PROJECT_HOSTEL_PORTION_MODEL,PROJECT_ASSUMPTION,Standardized institutional serving portion model,Raw ingredient issuance per single standard serving
Jeera Rice,Ghee,3.0,RAW_INGREDIENT_GRAM_PER_SERVING,PROJECT_HOSTEL_PORTION_MODEL,PROJECT_ASSUMPTION,Standardized institutional serving portion model,Raw ingredient issuance per single standard serving
Jeera Rice,Cumin seeds,1.0,RAW_INGREDIENT_GRAM_PER_SERVING,PROJECT_HOSTEL_PORTION_MODEL,PROJECT_ASSUMPTION,Standardized institutional serving portion model,Raw ingredient issuance per single standard serving
Jhal Muri,"Rice, puffed",30.0,RAW_INGREDIENT_GRAM_PER_SERVING,PROJECT_HOSTEL_PORTION_MODEL,PROJECT_ASSUMPTION,Standardized institutional serving portion model,Raw ingredient issuance per single standard serving
Jhal Muri,Groundnut / Peanut,15.0,RAW_INGREDIENT_GRAM_PER_SERVING,PROJECT_HOSTEL_PORTION_MODEL,PROJECT_ASSUMPTION,Standardized institutional serving portion model,Raw ingredient issuance per single standard serving
Jhal Muri,Onion,10.0,RAW_INGREDIENT_GRAM_PER_SERVING,PROJECT_HOSTEL_PORTION_MODEL,PROJECT_ASSUMPTION,Standardized institutional serving portion model,Raw ingredient issuance per single standard serving
Jhal Muri,Green chilli,2.0,RAW_INGREDIENT_GRAM_PER_SERVING,PROJECT_HOSTEL_PORTION_MODEL,PROJECT_ASSUMPTION,Standardized institutional serving portion model,Raw ingredient issuance per single standard serving
Jhal Muri,Vegetable oil,5.0,RAW_INGREDIENT_GRAM_PER_SERVING,PROJECT_HOSTEL_PORTION_MODEL,PROJECT_ASSUMPTION,Standardized institutional serving portion model,Raw ingredient issuance per single standard serving
Kachumber Salad,Cucumber,35.0,RAW_INGREDIENT_GRAM_PER_SERVING,PROJECT_HOSTEL_PORTION_MODEL,PROJECT_ASSUMPTION,Standardized institutional serving portion model,Raw ingredient issuance per single standard serving
Kachumber Salad,Tomato,35.0,RAW_INGREDIENT_GRAM_PER_SERVING,PROJECT_HOSTEL_PORTION_MODEL,PROJECT_ASSUMPTION,Standardized institutional serving portion model,Raw ingredient issuance per single standard serving
Kachumber Salad,Onion,25.0,RAW_INGREDIENT_GRAM_PER_SERVING,PROJECT_HOSTEL_PORTION_MODEL,PROJECT_ASSUMPTION,Standardized institutional serving portion model,Raw ingredient issuance per single standard serving
Kachumber Salad,Lemon,5.0,RAW_INGREDIENT_GRAM_PER_SERVING,PROJECT_HOSTEL_PORTION_MODEL,PROJECT_ASSUMPTION,Standardized institutional serving portion model,Raw ingredient issuance per single standard serving
Kadhai Paneer,Paneer,50.0,RAW_INGREDIENT_GRAM_PER_SERVING,PROJECT_HOSTEL_PORTION_MODEL,PROJECT_ASSUMPTION,Standardized institutional serving portion model,Raw ingredient issuance per single standard serving
Kadhai Paneer,"Capsicum, green",30.0,RAW_INGREDIENT_GRAM_PER_SERVING,PROJECT_HOSTEL_PORTION_MODEL,PROJECT_ASSUMPTION,Standardized institutional serving portion model,Raw ingredient issuance per single standard serving
Kadhai Paneer,Onion,15.0,RAW_INGREDIENT_GRAM_PER_SERVING,PROJECT_HOSTEL_PORTION_MODEL,PROJECT_ASSUMPTION,Standardized institutional serving portion model,Raw ingredient issuance per single standard serving
Kadhai Paneer,Tomato,15.0,RAW_INGREDIENT_GRAM_PER_SERVING,PROJECT_HOSTEL_PORTION_MODEL,PROJECT_ASSUMPTION,Standardized institutional serving portion model,Raw ingredient issuance per single standard serving
Kadhai Paneer,Vegetable oil,5.0,RAW_INGREDIENT_GRAM_PER_SERVING,PROJECT_HOSTEL_PORTION_MODEL,PROJECT_ASSUMPTION,Standardized institutional serving portion model,Raw ingredient issuance per single standard serving
Kadhai Veg,"Capsicum, green",30.0,RAW_INGREDIENT_GRAM_PER_SERVING,PROJECT_HOSTEL_PORTION_MODEL,PROJECT_ASSUMPTION,Standardized institutional serving portion model,Raw ingredient issuance per single standard serving
Kadhai Veg,Cauliflower,30.0,RAW_INGREDIENT_GRAM_PER_SERVING,PROJECT_HOSTEL_PORTION_MODEL,PROJECT_ASSUMPTION,Standardized institutional serving portion model,Raw ingredient issuance per single standard serving
Kadhai Veg,Carrot,20.0,RAW_INGREDIENT_GRAM_PER_SERVING,PROJECT_HOSTEL_PORTION_MODEL,PROJECT_ASSUMPTION,Standardized institutional serving portion model,Raw ingredient issuance per single standard serving
Kadhai Veg,Onion,15.0,RAW_INGREDIENT_GRAM_PER_SERVING,PROJECT_HOSTEL_PORTION_MODEL,PROJECT_ASSUMPTION,Standardized institutional serving portion model,Raw ingredient issuance per single standard serving
Kadhai Veg,Tomato,15.0,RAW_INGREDIENT_GRAM_PER_SERVING,PROJECT_HOSTEL_PORTION_MODEL,PROJECT_ASSUMPTION,Standardized institutional serving portion model,Raw ingredient issuance per single standard serving
Kadhai Veg,Vegetable oil,5.0,RAW_INGREDIENT_GRAM_PER_SERVING,PROJECT_HOSTEL_PORTION_MODEL,PROJECT_ASSUMPTION,Standardized institutional serving portion model,Raw ingredient issuance per single standard serving
Kadhi Pakora,Curd / Dahi,40.0,RAW_INGREDIENT_GRAM_PER_SERVING,PROJECT_HOSTEL_PORTION_MODEL,PROJECT_ASSUMPTION,Standardized institutional serving portion model,Raw ingredient issuance per single standard serving
Kadhi Pakora,"Bengal gram, flour",25.0,RAW_INGREDIENT_GRAM_PER_SERVING,PROJECT_HOSTEL_PORTION_MODEL,PROJECT_ASSUMPTION,Standardized institutional serving portion model,Raw ingredient issuance per single standard serving
Kadhi Pakora,Onion,15.0,RAW_INGREDIENT_GRAM_PER_SERVING,PROJECT_HOSTEL_PORTION_MODEL,PROJECT_ASSUMPTION,Standardized institutional serving portion model,Raw ingredient issuance per single standard serving
Kadhi Pakora,Vegetable oil,8.0,RAW_INGREDIENT_GRAM_PER_SERVING,PROJECT_HOSTEL_PORTION_MODEL,PROJECT_ASSUMPTION,Standardized institutional serving portion model,Raw ingredient issuance per single standard serving
Kesari Kheer,"Rice, raw/parboiled",20.0,RAW_INGREDIENT_GRAM_PER_SERVING,PROJECT_HOSTEL_PORTION_MODEL,PROJECT_ASSUMPTION,Standardized institutional serving portion model,Raw ingredient issuance per single standard serving
Kesari Kheer,"Milk, whole, cow",120.0,RAW_INGREDIENT_GRAM_PER_SERVING,PROJECT_HOSTEL_PORTION_MODEL,PROJECT_ASSUMPTION,Standardized institutional serving portion model,Raw ingredient issuance per single standard serving
Kesari Kheer,"Sugar, refined",12.0,RAW_INGREDIENT_GRAM_PER_SERVING,PROJECT_HOSTEL_PORTION_MODEL,PROJECT_ASSUMPTION,Standardized institutional serving portion model,Raw ingredient issuance per single standard serving
Khata Mitha Kaddu,Pumpkin,80.0,RAW_INGREDIENT_GRAM_PER_SERVING,PROJECT_HOSTEL_PORTION_MODEL,PROJECT_ASSUMPTION,Standardized institutional serving portion model,Raw ingredient issuance per single standard serving
Khata Mitha Kaddu,Jaggery,5.0,RAW_INGREDIENT_GRAM_PER_SERVING,PROJECT_HOSTEL_PORTION_MODEL,PROJECT_ASSUMPTION,Standardized institutional serving portion model,Raw ingredient issuance per single standard serving
Khata Mitha Kaddu,Vegetable oil,5.0,RAW_INGREDIENT_GRAM_PER_SERVING,PROJECT_HOSTEL_PORTION_MODEL,PROJECT_ASSUMPTION,Standardized institutional serving portion model,Raw ingredient issuance per single standard serving
Khata Mitha Kaddu,Cumin seeds,1.0,RAW_INGREDIENT_GRAM_PER_SERVING,PROJECT_HOSTEL_PORTION_MODEL,PROJECT_ASSUMPTION,Standardized institutional serving portion model,Raw ingredient issuance per single standard serving
Khichdi,"Rice, raw/parboiled",40.0,RAW_INGREDIENT_GRAM_PER_SERVING,PROJECT_HOSTEL_PORTION_MODEL,PROJECT_ASSUMPTION,Standardized institutional serving portion model,Raw ingredient issuance per single standard serving
Khichdi,"Green gram, dal",20.0,RAW_INGREDIENT_GRAM_PER_SERVING,PROJECT_HOSTEL_PORTION_MODEL,PROJECT_ASSUMPTION,Standardized institutional serving portion model,Raw ingredient issuance per single standard serving
Khichdi,Ghee,5.0,RAW_INGREDIENT_GRAM_PER_SERVING,PROJECT_HOSTEL_PORTION_MODEL,PROJECT_ASSUMPTION,Standardized institutional serving portion model,Raw ingredient issuance per single standard serving
Khichdi,Cumin seeds,1.0,RAW_INGREDIENT_GRAM_PER_SERVING,PROJECT_HOSTEL_PORTION_MODEL,PROJECT_ASSUMPTION,Standardized institutional serving portion model,Raw ingredient issuance per single standard serving
Lobiya Dal,Cowpea,30.0,RAW_INGREDIENT_GRAM_PER_SERVING,PROJECT_HOSTEL_PORTION_MODEL,PROJECT_ASSUMPTION,Standardized institutional serving portion model,Raw ingredient issuance per single standard serving
Lobiya Dal,Onion,10.0,RAW_INGREDIENT_GRAM_PER_SERVING,PROJECT_HOSTEL_PORTION_MODEL,PROJECT_ASSUMPTION,Standardized institutional serving portion model,Raw ingredient issuance per single standard serving
Lobiya Dal,Tomato,10.0,RAW_INGREDIENT_GRAM_PER_SERVING,PROJECT_HOSTEL_PORTION_MODEL,PROJECT_ASSUMPTION,Standardized institutional serving portion model,Raw ingredient issuance per single standard serving
Lobiya Dal,Vegetable oil,5.0,RAW_INGREDIENT_GRAM_PER_SERVING,PROJECT_HOSTEL_PORTION_MODEL,PROJECT_ASSUMPTION,Standardized institutional serving portion model,Raw ingredient issuance per single standard serving
Malka Masoor,"Lentil, dal",30.0,RAW_INGREDIENT_GRAM_PER_SERVING,PROJECT_HOSTEL_PORTION_MODEL,PROJECT_ASSUMPTION,Standardized institutional serving portion model,Raw ingredient issuance per single standard serving
Malka Masoor,Onion,5.0,RAW_INGREDIENT_GRAM_PER_SERVING,PROJECT_HOSTEL_PORTION_MODEL,PROJECT_ASSUMPTION,Standardized institutional serving portion model,Raw ingredient issuance per single standard serving
Malka Masoor,Tomato,5.0,RAW_INGREDIENT_GRAM_PER_SERVING,PROJECT_HOSTEL_PORTION_MODEL,PROJECT_ASSUMPTION,Standardized institutional serving portion model,Raw ingredient issuance per single standard serving
Malka Masoor,Vegetable oil,5.0,RAW_INGREDIENT_GRAM_PER_SERVING,PROJECT_HOSTEL_PORTION_MODEL,PROJECT_ASSUMPTION,Standardized institutional serving portion model,Raw ingredient issuance per single standard serving
Masala Aloo,Potato,80.0,RAW_INGREDIENT_GRAM_PER_SERVING,PROJECT_HOSTEL_PORTION_MODEL,PROJECT_ASSUMPTION,Standardized institutional serving portion model,Raw ingredient issuance per single standard serving
Masala Aloo,Onion,10.0,RAW_INGREDIENT_GRAM_PER_SERVING,PROJECT_HOSTEL_PORTION_MODEL,PROJECT_ASSUMPTION,Standardized institutional serving portion model,Raw ingredient issuance per single standard serving
Masala Aloo,Tomato,10.0,RAW_INGREDIENT_GRAM_PER_SERVING,PROJECT_HOSTEL_PORTION_MODEL,PROJECT_ASSUMPTION,Standardized institutional serving portion model,Raw ingredient issuance per single standard serving
Masala Aloo,Vegetable oil,5.0,RAW_INGREDIENT_GRAM_PER_SERVING,PROJECT_HOSTEL_PORTION_MODEL,PROJECT_ASSUMPTION,Standardized institutional serving portion model,Raw ingredient issuance per single standard serving
Matar Paneer,Paneer,45.0,RAW_INGREDIENT_GRAM_PER_SERVING,PROJECT_HOSTEL_PORTION_MODEL,PROJECT_ASSUMPTION,Standardized institutional serving portion model,Raw ingredient issuance per single standard serving
Matar Paneer,Green peas,35.0,RAW_INGREDIENT_GRAM_PER_SERVING,PROJECT_HOSTEL_PORTION_MODEL,PROJECT_ASSUMPTION,Standardized institutional serving portion model,Raw ingredient issuance per single standard serving
Matar Paneer,Onion,15.0,RAW_INGREDIENT_GRAM_PER_SERVING,PROJECT_HOSTEL_PORTION_MODEL,PROJECT_ASSUMPTION,Standardized institutional serving portion model,Raw ingredient issuance per single standard serving
Matar Paneer,Tomato,15.0,RAW_INGREDIENT_GRAM_PER_SERVING,PROJECT_HOSTEL_PORTION_MODEL,PROJECT_ASSUMPTION,Standardized institutional serving portion model,Raw ingredient issuance per single standard serving
Matar Paneer,Vegetable oil,5.0,RAW_INGREDIENT_GRAM_PER_SERVING,PROJECT_HOSTEL_PORTION_MODEL,PROJECT_ASSUMPTION,Standardized institutional serving portion model,Raw ingredient issuance per single standard serving
Mathi,"Wheat flour, refined",40.0,RAW_INGREDIENT_GRAM_PER_SERVING,PROJECT_HOSTEL_PORTION_MODEL,PROJECT_ASSUMPTION,Standardized institutional serving portion model,Raw ingredient issuance per single standard serving
Mathi,Vegetable oil,10.0,RAW_INGREDIENT_GRAM_PER_SERVING,PROJECT_HOSTEL_PORTION_MODEL,PROJECT_ASSUMPTION,Standardized institutional serving portion model,Raw ingredient issuance per single standard serving
Milk,"Milk, whole, cow",150.0,RAW_INGREDIENT_GRAM_PER_SERVING,PROJECT_HOSTEL_PORTION_MODEL,PROJECT_ASSUMPTION,Standardized institutional serving portion model,Raw ingredient issuance per single standard serving
Mint Raita,Curd / Dahi,90.0,RAW_INGREDIENT_GRAM_PER_SERVING,PROJECT_HOSTEL_PORTION_MODEL,PROJECT_ASSUMPTION,Standardized institutional serving portion model,Raw ingredient issuance per single standard serving
Mint Raita,Mint leaves,5.0,RAW_INGREDIENT_GRAM_PER_SERVING,PROJECT_HOSTEL_PORTION_MODEL,PROJECT_ASSUMPTION,Standardized institutional serving portion model,Raw ingredient issuance per single standard serving
Mix Dal Amritsari,"Black gram, dal",10.0,RAW_INGREDIENT_GRAM_PER_SERVING,PROJECT_HOSTEL_PORTION_MODEL,PROJECT_ASSUMPTION,Standardized institutional serving portion model,Raw ingredient issuance per single standard serving
Mix Dal Amritsari,"Bengal gram, dal",10.0,RAW_INGREDIENT_GRAM_PER_SERVING,PROJECT_HOSTEL_PORTION_MODEL,PROJECT_ASSUMPTION,Standardized institutional serving portion model,Raw ingredient issuance per single standard serving
Mix Dal Amritsari,"Red gram, dal",10.0,RAW_INGREDIENT_GRAM_PER_SERVING,PROJECT_HOSTEL_PORTION_MODEL,PROJECT_ASSUMPTION,Standardized institutional serving portion model,Raw ingredient issuance per single standard serving
Mix Dal Amritsari,Onion,10.0,RAW_INGREDIENT_GRAM_PER_SERVING,PROJECT_HOSTEL_PORTION_MODEL,PROJECT_ASSUMPTION,Standardized institutional serving portion model,Raw ingredient issuance per single standard serving
Mix Dal Amritsari,Tomato,10.0,RAW_INGREDIENT_GRAM_PER_SERVING,PROJECT_HOSTEL_PORTION_MODEL,PROJECT_ASSUMPTION,Standardized institutional serving portion model,Raw ingredient issuance per single standard serving
Mix Dal Amritsari,Vegetable oil,5.0,RAW_INGREDIENT_GRAM_PER_SERVING,PROJECT_HOSTEL_PORTION_MODEL,PROJECT_ASSUMPTION,Standardized institutional serving portion model,Raw ingredient issuance per single standard serving
Mix Pakora,"Bengal gram, flour",30.0,RAW_INGREDIENT_GRAM_PER_SERVING,PROJECT_HOSTEL_PORTION_MODEL,PROJECT_ASSUMPTION,Standardized institutional serving portion model,Raw ingredient issuance per single standard serving
Mix Pakora,Onion,20.0,RAW_INGREDIENT_GRAM_PER_SERVING,PROJECT_HOSTEL_PORTION_MODEL,PROJECT_ASSUMPTION,Standardized institutional serving portion model,Raw ingredient issuance per single standard serving
Mix Pakora,Potato,20.0,RAW_INGREDIENT_GRAM_PER_SERVING,PROJECT_HOSTEL_PORTION_MODEL,PROJECT_ASSUMPTION,Standardized institutional serving portion model,Raw ingredient issuance per single standard serving
Mix Pakora,Vegetable oil,10.0,RAW_INGREDIENT_GRAM_PER_SERVING,PROJECT_HOSTEL_PORTION_MODEL,PROJECT_ASSUMPTION,Standardized institutional serving portion model,Raw ingredient issuance per single standard serving
Mix Raita,Curd / Dahi,80.0,RAW_INGREDIENT_GRAM_PER_SERVING,PROJECT_HOSTEL_PORTION_MODEL,PROJECT_ASSUMPTION,Standardized institutional serving portion model,Raw ingredient issuance per single standard serving
Mix Raita,Cucumber,10.0,RAW_INGREDIENT_GRAM_PER_SERVING,PROJECT_HOSTEL_PORTION_MODEL,PROJECT_ASSUMPTION,Standardized institutional serving portion model,Raw ingredient issuance per single standard serving
Mix Raita,Tomato,10.0,RAW_INGREDIENT_GRAM_PER_SERVING,PROJECT_HOSTEL_PORTION_MODEL,PROJECT_ASSUMPTION,Standardized institutional serving portion model,Raw ingredient issuance per single standard serving
Mix Veg,Potato,25.0,RAW_INGREDIENT_GRAM_PER_SERVING,PROJECT_HOSTEL_PORTION_MODEL,PROJECT_ASSUMPTION,Standardized institutional serving portion model,Raw ingredient issuance per single standard serving
Mix Veg,Cauliflower,25.0,RAW_INGREDIENT_GRAM_PER_SERVING,PROJECT_HOSTEL_PORTION_MODEL,PROJECT_ASSUMPTION,Standardized institutional serving portion model,Raw ingredient issuance per single standard serving
Mix Veg,Carrot,20.0,RAW_INGREDIENT_GRAM_PER_SERVING,PROJECT_HOSTEL_PORTION_MODEL,PROJECT_ASSUMPTION,Standardized institutional serving portion model,Raw ingredient issuance per single standard serving
Mix Veg,Green peas,15.0,RAW_INGREDIENT_GRAM_PER_SERVING,PROJECT_HOSTEL_PORTION_MODEL,PROJECT_ASSUMPTION,Standardized institutional serving portion model,Raw ingredient issuance per single standard serving
Mix Veg,French beans,10.0,RAW_INGREDIENT_GRAM_PER_SERVING,PROJECT_HOSTEL_PORTION_MODEL,PROJECT_ASSUMPTION,Standardized institutional serving portion model,Raw ingredient issuance per single standard serving
Mix Veg,Vegetable oil,5.0,RAW_INGREDIENT_GRAM_PER_SERVING,PROJECT_HOSTEL_PORTION_MODEL,PROJECT_ASSUMPTION,Standardized institutional serving portion model,Raw ingredient issuance per single standard serving
Moong Dal,"Green gram, dal",30.0,RAW_INGREDIENT_GRAM_PER_SERVING,PROJECT_HOSTEL_PORTION_MODEL,PROJECT_ASSUMPTION,Standardized institutional serving portion model,Raw ingredient issuance per single standard serving
Moong Dal,Onion,5.0,RAW_INGREDIENT_GRAM_PER_SERVING,PROJECT_HOSTEL_PORTION_MODEL,PROJECT_ASSUMPTION,Standardized institutional serving portion model,Raw ingredient issuance per single standard serving
Moong Dal,Tomato,5.0,RAW_INGREDIENT_GRAM_PER_SERVING,PROJECT_HOSTEL_PORTION_MODEL,PROJECT_ASSUMPTION,Standardized institutional serving portion model,Raw ingredient issuance per single standard serving
Moong Dal,Vegetable oil,5.0,RAW_INGREDIENT_GRAM_PER_SERVING,PROJECT_HOSTEL_PORTION_MODEL,PROJECT_ASSUMPTION,Standardized institutional serving portion model,Raw ingredient issuance per single standard serving
Moong Dal,Cumin seeds,1.0,RAW_INGREDIENT_GRAM_PER_SERVING,PROJECT_HOSTEL_PORTION_MODEL,PROJECT_ASSUMPTION,Standardized institutional serving portion model,Raw ingredient issuance per single standard serving
Moong Sabut,"Green gram, whole",30.0,RAW_INGREDIENT_GRAM_PER_SERVING,PROJECT_HOSTEL_PORTION_MODEL,PROJECT_ASSUMPTION,Standardized institutional serving portion model,Raw ingredient issuance per single standard serving
Moong Sabut,Onion,5.0,RAW_INGREDIENT_GRAM_PER_SERVING,PROJECT_HOSTEL_PORTION_MODEL,PROJECT_ASSUMPTION,Standardized institutional serving portion model,Raw ingredient issuance per single standard serving
Moong Sabut,Tomato,5.0,RAW_INGREDIENT_GRAM_PER_SERVING,PROJECT_HOSTEL_PORTION_MODEL,PROJECT_ASSUMPTION,Standardized institutional serving portion model,Raw ingredient issuance per single standard serving
Moong Sabut,Vegetable oil,5.0,RAW_INGREDIENT_GRAM_PER_SERVING,PROJECT_HOSTEL_PORTION_MODEL,PROJECT_ASSUMPTION,Standardized institutional serving portion model,Raw ingredient issuance per single standard serving
Muffin,Commercial muffin,50.0,RAW_INGREDIENT_GRAM_PER_SERVING,PROJECT_HOSTEL_PORTION_MODEL,PROJECT_ASSUMPTION,Standardized institutional serving portion model,Raw ingredient issuance per single standard serving
Namak Pare,"Wheat flour, refined",40.0,RAW_INGREDIENT_GRAM_PER_SERVING,PROJECT_HOSTEL_PORTION_MODEL,PROJECT_ASSUMPTION,Standardized institutional serving portion model,Raw ingredient issuance per single standard serving
Namak Pare,Vegetable oil,10.0,RAW_INGREDIENT_GRAM_PER_SERVING,PROJECT_HOSTEL_PORTION_MODEL,PROJECT_ASSUMPTION,Standardized institutional serving portion model,Raw ingredient issuance per single standard serving
Namkeen,Commercial namkeen,30.0,RAW_INGREDIENT_GRAM_PER_SERVING,PROJECT_HOSTEL_PORTION_MODEL,PROJECT_ASSUMPTION,Standardized institutional serving portion model,Raw ingredient issuance per single standard serving
Namkeen Seviyan,"Wheat, vermicelli",45.0,RAW_INGREDIENT_GRAM_PER_SERVING,PROJECT_HOSTEL_PORTION_MODEL,PROJECT_ASSUMPTION,Standardized institutional serving portion model,Raw ingredient issuance per single standard serving
Namkeen Seviyan,Onion,15.0,RAW_INGREDIENT_GRAM_PER_SERVING,PROJECT_HOSTEL_PORTION_MODEL,PROJECT_ASSUMPTION,Standardized institutional serving portion model,Raw ingredient issuance per single standard serving
Namkeen Seviyan,Tomato,10.0,RAW_INGREDIENT_GRAM_PER_SERVING,PROJECT_HOSTEL_PORTION_MODEL,PROJECT_ASSUMPTION,Standardized institutional serving portion model,Raw ingredient issuance per single standard serving
Namkeen Seviyan,Green peas,10.0,RAW_INGREDIENT_GRAM_PER_SERVING,PROJECT_HOSTEL_PORTION_MODEL,PROJECT_ASSUMPTION,Standardized institutional serving portion model,Raw ingredient issuance per single standard serving
Namkeen Seviyan,Vegetable oil,5.0,RAW_INGREDIENT_GRAM_PER_SERVING,PROJECT_HOSTEL_PORTION_MODEL,PROJECT_ASSUMPTION,Standardized institutional serving portion model,Raw ingredient issuance per single standard serving
Nutry Masala,Soyabean chunks,30.0,RAW_INGREDIENT_GRAM_PER_SERVING,PROJECT_HOSTEL_PORTION_MODEL,PROJECT_ASSUMPTION,Standardized institutional serving portion model,Raw ingredient issuance per single standard serving
Nutry Masala,Onion,15.0,RAW_INGREDIENT_GRAM_PER_SERVING,PROJECT_HOSTEL_PORTION_MODEL,PROJECT_ASSUMPTION,Standardized institutional serving portion model,Raw ingredient issuance per single standard serving
Nutry Masala,Tomato,15.0,RAW_INGREDIENT_GRAM_PER_SERVING,PROJECT_HOSTEL_PORTION_MODEL,PROJECT_ASSUMPTION,Standardized institutional serving portion model,Raw ingredient issuance per single standard serving
Nutry Masala,Vegetable oil,5.0,RAW_INGREDIENT_GRAM_PER_SERVING,PROJECT_HOSTEL_PORTION_MODEL,PROJECT_ASSUMPTION,Standardized institutional serving portion model,Raw ingredient issuance per single standard serving
Nutry Matar,Soyabean chunks,25.0,RAW_INGREDIENT_GRAM_PER_SERVING,PROJECT_HOSTEL_PORTION_MODEL,PROJECT_ASSUMPTION,Standardized institutional serving portion model,Raw ingredient issuance per single standard serving
Nutry Matar,Green peas,25.0,RAW_INGREDIENT_GRAM_PER_SERVING,PROJECT_HOSTEL_PORTION_MODEL,PROJECT_ASSUMPTION,Standardized institutional serving portion model,Raw ingredient issuance per single standard serving
Nutry Matar,Onion,15.0,RAW_INGREDIENT_GRAM_PER_SERVING,PROJECT_HOSTEL_PORTION_MODEL,PROJECT_ASSUMPTION,Standardized institutional serving portion model,Raw ingredient issuance per single standard serving
Nutry Matar,Tomato,15.0,RAW_INGREDIENT_GRAM_PER_SERVING,PROJECT_HOSTEL_PORTION_MODEL,PROJECT_ASSUMPTION,Standardized institutional serving portion model,Raw ingredient issuance per single standard serving
Nutry Matar,Vegetable oil,5.0,RAW_INGREDIENT_GRAM_PER_SERVING,PROJECT_HOSTEL_PORTION_MODEL,PROJECT_ASSUMPTION,Standardized institutional serving portion model,Raw ingredient issuance per single standard serving
Omelette,"Egg, whole",50.0,RAW_INGREDIENT_GRAM_PER_SERVING,PROJECT_HOSTEL_PORTION_MODEL,PROJECT_ASSUMPTION,Standardized institutional serving portion model,Raw ingredient issuance per single standard serving
Omelette,Onion,10.0,RAW_INGREDIENT_GRAM_PER_SERVING,PROJECT_HOSTEL_PORTION_MODEL,PROJECT_ASSUMPTION,Standardized institutional serving portion model,Raw ingredient issuance per single standard serving
Omelette,Green chilli,2.0,RAW_INGREDIENT_GRAM_PER_SERVING,PROJECT_HOSTEL_PORTION_MODEL,PROJECT_ASSUMPTION,Standardized institutional serving portion model,Raw ingredient issuance per single standard serving
Omelette,Vegetable oil,5.0,RAW_INGREDIENT_GRAM_PER_SERVING,PROJECT_HOSTEL_PORTION_MODEL,PROJECT_ASSUMPTION,Standardized institutional serving portion model,Raw ingredient issuance per single standard serving
Onion,Onion,50.0,RAW_INGREDIENT_GRAM_PER_SERVING,PROJECT_HOSTEL_PORTION_MODEL,PROJECT_ASSUMPTION,Standardized institutional serving portion model,Raw ingredient issuance per single standard serving
Palak Corn,Spinach,60.0,RAW_INGREDIENT_GRAM_PER_SERVING,PROJECT_HOSTEL_PORTION_MODEL,PROJECT_ASSUMPTION,Standardized institutional serving portion model,Raw ingredient issuance per single standard serving
Palak Corn,Sweet corn,30.0,RAW_INGREDIENT_GRAM_PER_SERVING,PROJECT_HOSTEL_PORTION_MODEL,PROJECT_ASSUMPTION,Standardized institutional serving portion model,Raw ingredient issuance per single standard serving
Palak Corn,Onion,10.0,RAW_INGREDIENT_GRAM_PER_SERVING,PROJECT_HOSTEL_PORTION_MODEL,PROJECT_ASSUMPTION,Standardized institutional serving portion model,Raw ingredient issuance per single standard serving
Palak Corn,Tomato,10.0,RAW_INGREDIENT_GRAM_PER_SERVING,PROJECT_HOSTEL_PORTION_MODEL,PROJECT_ASSUMPTION,Standardized institutional serving portion model,Raw ingredient issuance per single standard serving
Palak Corn,Vegetable oil,5.0,RAW_INGREDIENT_GRAM_PER_SERVING,PROJECT_HOSTEL_PORTION_MODEL,PROJECT_ASSUMPTION,Standardized institutional serving portion model,Raw ingredient issuance per single standard serving
Panchmail Dal,"Red gram, dal",8.0,RAW_INGREDIENT_GRAM_PER_SERVING,PROJECT_HOSTEL_PORTION_MODEL,PROJECT_ASSUMPTION,Standardized institutional serving portion model,Raw ingredient issuance per single standard serving
Panchmail Dal,"Bengal gram, dal",8.0,RAW_INGREDIENT_GRAM_PER_SERVING,PROJECT_HOSTEL_PORTION_MODEL,PROJECT_ASSUMPTION,Standardized institutional serving portion model,Raw ingredient issuance per single standard serving
Panchmail Dal,"Green gram, dal",6.0,RAW_INGREDIENT_GRAM_PER_SERVING,PROJECT_HOSTEL_PORTION_MODEL,PROJECT_ASSUMPTION,Standardized institutional serving portion model,Raw ingredient issuance per single standard serving
Panchmail Dal,"Black gram, dal",4.0,RAW_INGREDIENT_GRAM_PER_SERVING,PROJECT_HOSTEL_PORTION_MODEL,PROJECT_ASSUMPTION,Standardized institutional serving portion model,Raw ingredient issuance per single standard serving
Panchmail Dal,"Lentil, dal",4.0,RAW_INGREDIENT_GRAM_PER_SERVING,PROJECT_HOSTEL_PORTION_MODEL,PROJECT_ASSUMPTION,Standardized institutional serving portion model,Raw ingredient issuance per single standard serving
Panchmail Dal,Vegetable oil,5.0,RAW_INGREDIENT_GRAM_PER_SERVING,PROJECT_HOSTEL_PORTION_MODEL,PROJECT_ASSUMPTION,Standardized institutional serving portion model,Raw ingredient issuance per single standard serving
Paneer Butter Masala,Paneer,50.0,RAW_INGREDIENT_GRAM_PER_SERVING,PROJECT_HOSTEL_PORTION_MODEL,PROJECT_ASSUMPTION,Standardized institutional serving portion model,Raw ingredient issuance per single standard serving
Paneer Butter Masala,Tomato,25.0,RAW_INGREDIENT_GRAM_PER_SERVING,PROJECT_HOSTEL_PORTION_MODEL,PROJECT_ASSUMPTION,Standardized institutional serving portion model,Raw ingredient issuance per single standard serving
Paneer Butter Masala,Onion,10.0,RAW_INGREDIENT_GRAM_PER_SERVING,PROJECT_HOSTEL_PORTION_MODEL,PROJECT_ASSUMPTION,Standardized institutional serving portion model,Raw ingredient issuance per single standard serving
Paneer Butter Masala,Butter,5.0,RAW_INGREDIENT_GRAM_PER_SERVING,PROJECT_HOSTEL_PORTION_MODEL,PROJECT_ASSUMPTION,Standardized institutional serving portion model,Raw ingredient issuance per single standard serving
Paneer Butter Masala,"Milk, whole, cow",15.0,RAW_INGREDIENT_GRAM_PER_SERVING,PROJECT_HOSTEL_PORTION_MODEL,PROJECT_ASSUMPTION,Standardized institutional serving portion model,Raw ingredient issuance per single standard serving
Paneer Butter Masala,Vegetable oil,5.0,RAW_INGREDIENT_GRAM_PER_SERVING,PROJECT_HOSTEL_PORTION_MODEL,PROJECT_ASSUMPTION,Standardized institutional serving portion model,Raw ingredient issuance per single standard serving
Paneer Chettinad,Paneer,50.0,RAW_INGREDIENT_GRAM_PER_SERVING,PROJECT_HOSTEL_PORTION_MODEL,PROJECT_ASSUMPTION,Standardized institutional serving portion model,Raw ingredient issuance per single standard serving
Paneer Chettinad,Onion,15.0,RAW_INGREDIENT_GRAM_PER_SERVING,PROJECT_HOSTEL_PORTION_MODEL,PROJECT_ASSUMPTION,Standardized institutional serving portion model,Raw ingredient issuance per single standard serving
Paneer Chettinad,Tomato,15.0,RAW_INGREDIENT_GRAM_PER_SERVING,PROJECT_HOSTEL_PORTION_MODEL,PROJECT_ASSUMPTION,Standardized institutional serving portion model,Raw ingredient issuance per single standard serving
Paneer Chettinad,"Coconut, dry",5.0,RAW_INGREDIENT_GRAM_PER_SERVING,PROJECT_HOSTEL_PORTION_MODEL,PROJECT_ASSUMPTION,Standardized institutional serving portion model,Raw ingredient issuance per single standard serving
Paneer Chettinad,Vegetable oil,5.0,RAW_INGREDIENT_GRAM_PER_SERVING,PROJECT_HOSTEL_PORTION_MODEL,PROJECT_ASSUMPTION,Standardized institutional serving portion model,Raw ingredient issuance per single standard serving
Paneer Do Pyaza,Paneer,50.0,RAW_INGREDIENT_GRAM_PER_SERVING,PROJECT_HOSTEL_PORTION_MODEL,PROJECT_ASSUMPTION,Standardized institutional serving portion model,Raw ingredient issuance per single standard serving
Paneer Do Pyaza,Onion,35.0,RAW_INGREDIENT_GRAM_PER_SERVING,PROJECT_HOSTEL_PORTION_MODEL,PROJECT_ASSUMPTION,Standardized institutional serving portion model,Raw ingredient issuance per single standard serving
Paneer Do Pyaza,Tomato,15.0,RAW_INGREDIENT_GRAM_PER_SERVING,PROJECT_HOSTEL_PORTION_MODEL,PROJECT_ASSUMPTION,Standardized institutional serving portion model,Raw ingredient issuance per single standard serving
Paneer Do Pyaza,Vegetable oil,5.0,RAW_INGREDIENT_GRAM_PER_SERVING,PROJECT_HOSTEL_PORTION_MODEL,PROJECT_ASSUMPTION,Standardized institutional serving portion model,Raw ingredient issuance per single standard serving
Paneer Kolhapuri,Paneer,50.0,RAW_INGREDIENT_GRAM_PER_SERVING,PROJECT_HOSTEL_PORTION_MODEL,PROJECT_ASSUMPTION,Standardized institutional serving portion model,Raw ingredient issuance per single standard serving
Paneer Kolhapuri,Onion,15.0,RAW_INGREDIENT_GRAM_PER_SERVING,PROJECT_HOSTEL_PORTION_MODEL,PROJECT_ASSUMPTION,Standardized institutional serving portion model,Raw ingredient issuance per single standard serving
Paneer Kolhapuri,Tomato,15.0,RAW_INGREDIENT_GRAM_PER_SERVING,PROJECT_HOSTEL_PORTION_MODEL,PROJECT_ASSUMPTION,Standardized institutional serving portion model,Raw ingredient issuance per single standard serving
Paneer Kolhapuri,"Coconut, dry",5.0,RAW_INGREDIENT_GRAM_PER_SERVING,PROJECT_HOSTEL_PORTION_MODEL,PROJECT_ASSUMPTION,Standardized institutional serving portion model,Raw ingredient issuance per single standard serving
Paneer Kolhapuri,Vegetable oil,5.0,RAW_INGREDIENT_GRAM_PER_SERVING,PROJECT_HOSTEL_PORTION_MODEL,PROJECT_ASSUMPTION,Standardized institutional serving portion model,Raw ingredient issuance per single standard serving
Paneer Lababdar,Paneer,50.0,RAW_INGREDIENT_GRAM_PER_SERVING,PROJECT_HOSTEL_PORTION_MODEL,PROJECT_ASSUMPTION,Standardized institutional serving portion model,Raw ingredient issuance per single standard serving
Paneer Lababdar,Tomato,25.0,RAW_INGREDIENT_GRAM_PER_SERVING,PROJECT_HOSTEL_PORTION_MODEL,PROJECT_ASSUMPTION,Standardized institutional serving portion model,Raw ingredient issuance per single standard serving
Paneer Lababdar,Onion,15.0,RAW_INGREDIENT_GRAM_PER_SERVING,PROJECT_HOSTEL_PORTION_MODEL,PROJECT_ASSUMPTION,Standardized institutional serving portion model,Raw ingredient issuance per single standard serving
Paneer Lababdar,"Milk, whole, cow",15.0,RAW_INGREDIENT_GRAM_PER_SERVING,PROJECT_HOSTEL_PORTION_MODEL,PROJECT_ASSUMPTION,Standardized institutional serving portion model,Raw ingredient issuance per single standard serving
Paneer Lababdar,Vegetable oil,5.0,RAW_INGREDIENT_GRAM_PER_SERVING,PROJECT_HOSTEL_PORTION_MODEL,PROJECT_ASSUMPTION,Standardized institutional serving portion model,Raw ingredient issuance per single standard serving
Pav Bhaji,Commercial bun,40.0,RAW_INGREDIENT_GRAM_PER_SERVING,PROJECT_HOSTEL_PORTION_MODEL,PROJECT_ASSUMPTION,Standardized institutional serving portion model,Raw ingredient issuance per single standard serving
Pav Bhaji,Potato,35.0,RAW_INGREDIENT_GRAM_PER_SERVING,PROJECT_HOSTEL_PORTION_MODEL,PROJECT_ASSUMPTION,Standardized institutional serving portion model,Raw ingredient issuance per single standard serving
Pav Bhaji,Cauliflower,20.0,RAW_INGREDIENT_GRAM_PER_SERVING,PROJECT_HOSTEL_PORTION_MODEL,PROJECT_ASSUMPTION,Standardized institutional serving portion model,Raw ingredient issuance per single standard serving
Pav Bhaji,Green peas,15.0,RAW_INGREDIENT_GRAM_PER_SERVING,PROJECT_HOSTEL_PORTION_MODEL,PROJECT_ASSUMPTION,Standardized institutional serving portion model,Raw ingredient issuance per single standard serving
Pav Bhaji,Tomato,20.0,RAW_INGREDIENT_GRAM_PER_SERVING,PROJECT_HOSTEL_PORTION_MODEL,PROJECT_ASSUMPTION,Standardized institutional serving portion model,Raw ingredient issuance per single standard serving
Pav Bhaji,Butter,5.0,RAW_INGREDIENT_GRAM_PER_SERVING,PROJECT_HOSTEL_PORTION_MODEL,PROJECT_ASSUMPTION,Standardized institutional serving portion model,Raw ingredient issuance per single standard serving
Pickle,Commercial pickle,10.0,RAW_INGREDIENT_GRAM_PER_SERVING,PROJECT_HOSTEL_PORTION_MODEL,PROJECT_ASSUMPTION,Standardized institutional serving portion model,Raw ingredient issuance per single standard serving
Pink Sauce Pasta,Commercial pasta,80.0,RAW_INGREDIENT_GRAM_PER_SERVING,PROJECT_HOSTEL_PORTION_MODEL,PROJECT_ASSUMPTION,Standardized institutional serving portion model,Raw ingredient issuance per single standard serving
Plain Curd,Curd / Dahi,100.0,RAW_INGREDIENT_GRAM_PER_SERVING,PROJECT_HOSTEL_PORTION_MODEL,PROJECT_ASSUMPTION,Standardized institutional serving portion model,Raw ingredient issuance per single standard serving
Plain Rice,"Rice, raw/parboiled",60.0,RAW_INGREDIENT_GRAM_PER_SERVING,PROJECT_HOSTEL_PORTION_MODEL,PROJECT_ASSUMPTION,Standardized institutional serving portion model,Raw ingredient issuance per single standard serving
Poha,"Rice, flakes",50.0,RAW_INGREDIENT_GRAM_PER_SERVING,PROJECT_HOSTEL_PORTION_MODEL,PROJECT_ASSUMPTION,Standardized institutional serving portion model,Raw ingredient issuance per single standard serving
Poha,Onion,15.0,RAW_INGREDIENT_GRAM_PER_SERVING,PROJECT_HOSTEL_PORTION_MODEL,PROJECT_ASSUMPTION,Standardized institutional serving portion model,Raw ingredient issuance per single standard serving
Poha,Groundnut / Peanut,10.0,RAW_INGREDIENT_GRAM_PER_SERVING,PROJECT_HOSTEL_PORTION_MODEL,PROJECT_ASSUMPTION,Standardized institutional serving portion model,Raw ingredient issuance per single standard serving
Poha,Vegetable oil,5.0,RAW_INGREDIENT_GRAM_PER_SERVING,PROJECT_HOSTEL_PORTION_MODEL,PROJECT_ASSUMPTION,Standardized institutional serving portion model,Raw ingredient issuance per single standard serving
Poha,Green chilli,2.0,RAW_INGREDIENT_GRAM_PER_SERVING,PROJECT_HOSTEL_PORTION_MODEL,PROJECT_ASSUMPTION,Standardized institutional serving portion model,Raw ingredient issuance per single standard serving
Poori,"Wheat flour, atta",30.0,RAW_INGREDIENT_GRAM_PER_SERVING,PROJECT_HOSTEL_PORTION_MODEL,PROJECT_ASSUMPTION,Standardized institutional serving portion model,Raw ingredient issuance per single standard serving
Poori,Vegetable oil,8.0,RAW_INGREDIENT_GRAM_PER_SERVING,PROJECT_HOSTEL_PORTION_MODEL,PROJECT_ASSUMPTION,Standardized institutional serving portion model,Raw ingredient issuance per single standard serving
Poori Aloo Chana,"Wheat flour, atta",30.0,RAW_INGREDIENT_GRAM_PER_SERVING,PROJECT_HOSTEL_PORTION_MODEL,PROJECT_ASSUMPTION,Standardized institutional serving portion model,Raw ingredient issuance per single standard serving
Poori Aloo Chana,Potato,35.0,RAW_INGREDIENT_GRAM_PER_SERVING,PROJECT_HOSTEL_PORTION_MODEL,PROJECT_ASSUMPTION,Standardized institutional serving portion model,Raw ingredient issuance per single standard serving
Poori Aloo Chana,"Bengal gram, whole",20.0,RAW_INGREDIENT_GRAM_PER_SERVING,PROJECT_HOSTEL_PORTION_MODEL,PROJECT_ASSUMPTION,Standardized institutional serving portion model,Raw ingredient issuance per single standard serving
Poori Aloo Chana,Tomato,10.0,RAW_INGREDIENT_GRAM_PER_SERVING,PROJECT_HOSTEL_PORTION_MODEL,PROJECT_ASSUMPTION,Standardized institutional serving portion model,Raw ingredient issuance per single standard serving
Poori Aloo Chana,Vegetable oil,10.0,RAW_INGREDIENT_GRAM_PER_SERVING,PROJECT_HOSTEL_PORTION_MODEL,PROJECT_ASSUMPTION,Standardized institutional serving portion model,Raw ingredient issuance per single standard serving
Rajmah,Kidney beans,35.0,RAW_INGREDIENT_GRAM_PER_SERVING,PROJECT_HOSTEL_PORTION_MODEL,PROJECT_ASSUMPTION,Standardized institutional serving portion model,Raw ingredient issuance per single standard serving
Rajmah,Onion,15.0,RAW_INGREDIENT_GRAM_PER_SERVING,PROJECT_HOSTEL_PORTION_MODEL,PROJECT_ASSUMPTION,Standardized institutional serving portion model,Raw ingredient issuance per single standard serving
Rajmah,Tomato,15.0,RAW_INGREDIENT_GRAM_PER_SERVING,PROJECT_HOSTEL_PORTION_MODEL,PROJECT_ASSUMPTION,Standardized institutional serving portion model,Raw ingredient issuance per single standard serving
Rajmah,Ginger,2.0,RAW_INGREDIENT_GRAM_PER_SERVING,PROJECT_HOSTEL_PORTION_MODEL,PROJECT_ASSUMPTION,Standardized institutional serving portion model,Raw ingredient issuance per single standard serving
Rajmah,Garlic,2.0,RAW_INGREDIENT_GRAM_PER_SERVING,PROJECT_HOSTEL_PORTION_MODEL,PROJECT_ASSUMPTION,Standardized institutional serving portion model,Raw ingredient issuance per single standard serving
Rajmah,Vegetable oil,5.0,RAW_INGREDIENT_GRAM_PER_SERVING,PROJECT_HOSTEL_PORTION_MODEL,PROJECT_ASSUMPTION,Standardized institutional serving portion model,Raw ingredient issuance per single standard serving
Rusk,Commercial rusk,30.0,RAW_INGREDIENT_GRAM_PER_SERVING,PROJECT_HOSTEL_PORTION_MODEL,PROJECT_ASSUMPTION,Standardized institutional serving portion model,Raw ingredient issuance per single standard serving
Sabudana Kheer,Tapioca pearls,20.0,RAW_INGREDIENT_GRAM_PER_SERVING,PROJECT_HOSTEL_PORTION_MODEL,PROJECT_ASSUMPTION,Standardized institutional serving portion model,Raw ingredient issuance per single standard serving
Sabudana Kheer,"Milk, whole, cow",120.0,RAW_INGREDIENT_GRAM_PER_SERVING,PROJECT_HOSTEL_PORTION_MODEL,PROJECT_ASSUMPTION,Standardized institutional serving portion model,Raw ingredient issuance per single standard serving
Sabudana Kheer,"Sugar, refined",12.0,RAW_INGREDIENT_GRAM_PER_SERVING,PROJECT_HOSTEL_PORTION_MODEL,PROJECT_ASSUMPTION,Standardized institutional serving portion model,Raw ingredient issuance per single standard serving
Sabut Masoor,"Lentil, whole",30.0,RAW_INGREDIENT_GRAM_PER_SERVING,PROJECT_HOSTEL_PORTION_MODEL,PROJECT_ASSUMPTION,Standardized institutional serving portion model,Raw ingredient issuance per single standard serving
Sabut Masoor,Onion,5.0,RAW_INGREDIENT_GRAM_PER_SERVING,PROJECT_HOSTEL_PORTION_MODEL,PROJECT_ASSUMPTION,Standardized institutional serving portion model,Raw ingredient issuance per single standard serving
Sabut Masoor,Tomato,5.0,RAW_INGREDIENT_GRAM_PER_SERVING,PROJECT_HOSTEL_PORTION_MODEL,PROJECT_ASSUMPTION,Standardized institutional serving portion model,Raw ingredient issuance per single standard serving
Sabut Masoor,Vegetable oil,5.0,RAW_INGREDIENT_GRAM_PER_SERVING,PROJECT_HOSTEL_PORTION_MODEL,PROJECT_ASSUMPTION,Standardized institutional serving portion model,Raw ingredient issuance per single standard serving
Samosa,"Wheat flour, refined",30.0,RAW_INGREDIENT_GRAM_PER_SERVING,PROJECT_HOSTEL_PORTION_MODEL,PROJECT_ASSUMPTION,Standardized institutional serving portion model,Raw ingredient issuance per single standard serving
Samosa,Potato,45.0,RAW_INGREDIENT_GRAM_PER_SERVING,PROJECT_HOSTEL_PORTION_MODEL,PROJECT_ASSUMPTION,Standardized institutional serving portion model,Raw ingredient issuance per single standard serving
Samosa,Green peas,10.0,RAW_INGREDIENT_GRAM_PER_SERVING,PROJECT_HOSTEL_PORTION_MODEL,PROJECT_ASSUMPTION,Standardized institutional serving portion model,Raw ingredient issuance per single standard serving
Samosa,Vegetable oil,10.0,RAW_INGREDIENT_GRAM_PER_SERVING,PROJECT_HOSTEL_PORTION_MODEL,PROJECT_ASSUMPTION,Standardized institutional serving portion model,Raw ingredient issuance per single standard serving
Sandwich,Commercial bread,50.0,RAW_INGREDIENT_GRAM_PER_SERVING,PROJECT_HOSTEL_PORTION_MODEL,PROJECT_ASSUMPTION,Standardized institutional serving portion model,Raw ingredient issuance per single standard serving
Sandwich,Cucumber,20.0,RAW_INGREDIENT_GRAM_PER_SERVING,PROJECT_HOSTEL_PORTION_MODEL,PROJECT_ASSUMPTION,Standardized institutional serving portion model,Raw ingredient issuance per single standard serving
Sandwich,Tomato,20.0,RAW_INGREDIENT_GRAM_PER_SERVING,PROJECT_HOSTEL_PORTION_MODEL,PROJECT_ASSUMPTION,Standardized institutional serving portion model,Raw ingredient issuance per single standard serving
Sandwich,Butter,5.0,RAW_INGREDIENT_GRAM_PER_SERVING,PROJECT_HOSTEL_PORTION_MODEL,PROJECT_ASSUMPTION,Standardized institutional serving portion model,Raw ingredient issuance per single standard serving
Sirca Onion,Onion,45.0,RAW_INGREDIENT_GRAM_PER_SERVING,PROJECT_HOSTEL_PORTION_MODEL,PROJECT_ASSUMPTION,Standardized institutional serving portion model,Raw ingredient issuance per single standard serving
Sirca Onion,Beetroot,5.0,RAW_INGREDIENT_GRAM_PER_SERVING,PROJECT_HOSTEL_PORTION_MODEL,PROJECT_ASSUMPTION,Standardized institutional serving portion model,Raw ingredient issuance per single standard serving
Stuffed Paratha,"Wheat flour, atta",35.0,RAW_INGREDIENT_GRAM_PER_SERVING,PROJECT_HOSTEL_PORTION_MODEL,PROJECT_ASSUMPTION,Standardized institutional serving portion model,Raw ingredient issuance per single standard serving
Stuffed Paratha,Potato,25.0,RAW_INGREDIENT_GRAM_PER_SERVING,PROJECT_HOSTEL_PORTION_MODEL,PROJECT_ASSUMPTION,Standardized institutional serving portion model,Raw ingredient issuance per single standard serving
Stuffed Paratha,Vegetable oil,5.0,RAW_INGREDIENT_GRAM_PER_SERVING,PROJECT_HOSTEL_PORTION_MODEL,PROJECT_ASSUMPTION,Standardized institutional serving portion model,Raw ingredient issuance per single standard serving
Sweet Dalia,"Wheat, bulgur",35.0,RAW_INGREDIENT_GRAM_PER_SERVING,PROJECT_HOSTEL_PORTION_MODEL,PROJECT_ASSUMPTION,Standardized institutional serving portion model,Raw ingredient issuance per single standard serving
Sweet Dalia,"Milk, whole, cow",100.0,RAW_INGREDIENT_GRAM_PER_SERVING,PROJECT_HOSTEL_PORTION_MODEL,PROJECT_ASSUMPTION,Standardized institutional serving portion model,Raw ingredient issuance per single standard serving
Sweet Dalia,"Sugar, refined",10.0,RAW_INGREDIENT_GRAM_PER_SERVING,PROJECT_HOSTEL_PORTION_MODEL,PROJECT_ASSUMPTION,Standardized institutional serving portion model,Raw ingredient issuance per single standard serving
Tea,"Milk, whole, cow",80.0,RAW_INGREDIENT_GRAM_PER_SERVING,PROJECT_HOSTEL_PORTION_MODEL,PROJECT_ASSUMPTION,Standardized institutional serving portion model,Raw ingredient issuance per single standard serving
Tea,"Sugar, refined",8.0,RAW_INGREDIENT_GRAM_PER_SERVING,PROJECT_HOSTEL_PORTION_MODEL,PROJECT_ASSUMPTION,Standardized institutional serving portion model,Raw ingredient issuance per single standard serving
Tea,Tea leaves,2.0,RAW_INGREDIENT_GRAM_PER_SERVING,PROJECT_HOSTEL_PORTION_MODEL,PROJECT_ASSUMPTION,Standardized institutional serving portion model,Raw ingredient issuance per single standard serving
Tea Cake,Commercial tea cake,50.0,RAW_INGREDIENT_GRAM_PER_SERVING,PROJECT_HOSTEL_PORTION_MODEL,PROJECT_ASSUMPTION,Standardized institutional serving portion model,Raw ingredient issuance per single standard serving
Tomato,Tomato,50.0,RAW_INGREDIENT_GRAM_PER_SERVING,PROJECT_HOSTEL_PORTION_MODEL,PROJECT_ASSUMPTION,Standardized institutional serving portion model,Raw ingredient issuance per single standard serving
Tomato Ketchup,Commercial tomato ketchup,15.0,RAW_INGREDIENT_GRAM_PER_SERVING,PROJECT_HOSTEL_PORTION_MODEL,PROJECT_ASSUMPTION,Standardized institutional serving portion model,Raw ingredient issuance per single standard serving
Veg Biryani,"Rice, raw/parboiled",50.0,RAW_INGREDIENT_GRAM_PER_SERVING,PROJECT_HOSTEL_PORTION_MODEL,PROJECT_ASSUMPTION,Standardized institutional serving portion model,Raw ingredient issuance per single standard serving
Veg Biryani,Potato,15.0,RAW_INGREDIENT_GRAM_PER_SERVING,PROJECT_HOSTEL_PORTION_MODEL,PROJECT_ASSUMPTION,Standardized institutional serving portion model,Raw ingredient issuance per single standard serving
Veg Biryani,Cauliflower,15.0,RAW_INGREDIENT_GRAM_PER_SERVING,PROJECT_HOSTEL_PORTION_MODEL,PROJECT_ASSUMPTION,Standardized institutional serving portion model,Raw ingredient issuance per single standard serving
Veg Biryani,Green peas,10.0,RAW_INGREDIENT_GRAM_PER_SERVING,PROJECT_HOSTEL_PORTION_MODEL,PROJECT_ASSUMPTION,Standardized institutional serving portion model,Raw ingredient issuance per single standard serving
Veg Biryani,Onion,10.0,RAW_INGREDIENT_GRAM_PER_SERVING,PROJECT_HOSTEL_PORTION_MODEL,PROJECT_ASSUMPTION,Standardized institutional serving portion model,Raw ingredient issuance per single standard serving
Veg Biryani,Vegetable oil,5.0,RAW_INGREDIENT_GRAM_PER_SERVING,PROJECT_HOSTEL_PORTION_MODEL,PROJECT_ASSUMPTION,Standardized institutional serving portion model,Raw ingredient issuance per single standard serving
Veg Fried Rice,"Rice, raw/parboiled",50.0,RAW_INGREDIENT_GRAM_PER_SERVING,PROJECT_HOSTEL_PORTION_MODEL,PROJECT_ASSUMPTION,Standardized institutional serving portion model,Raw ingredient issuance per single standard serving
Veg Fried Rice,Carrot,15.0,RAW_INGREDIENT_GRAM_PER_SERVING,PROJECT_HOSTEL_PORTION_MODEL,PROJECT_ASSUMPTION,Standardized institutional serving portion model,Raw ingredient issuance per single standard serving
Veg Fried Rice,Cabbage,15.0,RAW_INGREDIENT_GRAM_PER_SERVING,PROJECT_HOSTEL_PORTION_MODEL,PROJECT_ASSUMPTION,Standardized institutional serving portion model,Raw ingredient issuance per single standard serving
Veg Fried Rice,French beans,10.0,RAW_INGREDIENT_GRAM_PER_SERVING,PROJECT_HOSTEL_PORTION_MODEL,PROJECT_ASSUMPTION,Standardized institutional serving portion model,Raw ingredient issuance per single standard serving
Veg Fried Rice,Vegetable oil,5.0,RAW_INGREDIENT_GRAM_PER_SERVING,PROJECT_HOSTEL_PORTION_MODEL,PROJECT_ASSUMPTION,Standardized institutional serving portion model,Raw ingredient issuance per single standard serving
Veg Jaipuri,Potato,25.0,RAW_INGREDIENT_GRAM_PER_SERVING,PROJECT_HOSTEL_PORTION_MODEL,PROJECT_ASSUMPTION,Standardized institutional serving portion model,Raw ingredient issuance per single standard serving
Veg Jaipuri,Cauliflower,25.0,RAW_INGREDIENT_GRAM_PER_SERVING,PROJECT_HOSTEL_PORTION_MODEL,PROJECT_ASSUMPTION,Standardized institutional serving portion model,Raw ingredient issuance per single standard serving
Veg Jaipuri,Paneer,15.0,RAW_INGREDIENT_GRAM_PER_SERVING,PROJECT_HOSTEL_PORTION_MODEL,PROJECT_ASSUMPTION,Standardized institutional serving portion model,Raw ingredient issuance per single standard serving
Veg Jaipuri,Onion,15.0,RAW_INGREDIENT_GRAM_PER_SERVING,PROJECT_HOSTEL_PORTION_MODEL,PROJECT_ASSUMPTION,Standardized institutional serving portion model,Raw ingredient issuance per single standard serving
Veg Jaipuri,Tomato,15.0,RAW_INGREDIENT_GRAM_PER_SERVING,PROJECT_HOSTEL_PORTION_MODEL,PROJECT_ASSUMPTION,Standardized institutional serving portion model,Raw ingredient issuance per single standard serving
Veg Jaipuri,Vegetable oil,5.0,RAW_INGREDIENT_GRAM_PER_SERVING,PROJECT_HOSTEL_PORTION_MODEL,PROJECT_ASSUMPTION,Standardized institutional serving portion model,Raw ingredient issuance per single standard serving
Veg Jalfrazi,"Capsicum, green",35.0,RAW_INGREDIENT_GRAM_PER_SERVING,PROJECT_HOSTEL_PORTION_MODEL,PROJECT_ASSUMPTION,Standardized institutional serving portion model,Raw ingredient issuance per single standard serving
Veg Jalfrazi,Carrot,25.0,RAW_INGREDIENT_GRAM_PER_SERVING,PROJECT_HOSTEL_PORTION_MODEL,PROJECT_ASSUMPTION,Standardized institutional serving portion model,Raw ingredient issuance per single standard serving
Veg Jalfrazi,French beans,20.0,RAW_INGREDIENT_GRAM_PER_SERVING,PROJECT_HOSTEL_PORTION_MODEL,PROJECT_ASSUMPTION,Standardized institutional serving portion model,Raw ingredient issuance per single standard serving
Veg Jalfrazi,Onion,15.0,RAW_INGREDIENT_GRAM_PER_SERVING,PROJECT_HOSTEL_PORTION_MODEL,PROJECT_ASSUMPTION,Standardized institutional serving portion model,Raw ingredient issuance per single standard serving
Veg Jalfrazi,Tomato,15.0,RAW_INGREDIENT_GRAM_PER_SERVING,PROJECT_HOSTEL_PORTION_MODEL,PROJECT_ASSUMPTION,Standardized institutional serving portion model,Raw ingredient issuance per single standard serving
Veg Jalfrazi,Vegetable oil,5.0,RAW_INGREDIENT_GRAM_PER_SERVING,PROJECT_HOSTEL_PORTION_MODEL,PROJECT_ASSUMPTION,Standardized institutional serving portion model,Raw ingredient issuance per single standard serving
Veg Kofta Curry,Bottle gourd,40.0,RAW_INGREDIENT_GRAM_PER_SERVING,PROJECT_HOSTEL_PORTION_MODEL,PROJECT_ASSUMPTION,Standardized institutional serving portion model,Raw ingredient issuance per single standard serving
Veg Kofta Curry,Potato,20.0,RAW_INGREDIENT_GRAM_PER_SERVING,PROJECT_HOSTEL_PORTION_MODEL,PROJECT_ASSUMPTION,Standardized institutional serving portion model,Raw ingredient issuance per single standard serving
Veg Kofta Curry,"Bengal gram, flour",15.0,RAW_INGREDIENT_GRAM_PER_SERVING,PROJECT_HOSTEL_PORTION_MODEL,PROJECT_ASSUMPTION,Standardized institutional serving portion model,Raw ingredient issuance per single standard serving
Veg Kofta Curry,Onion,15.0,RAW_INGREDIENT_GRAM_PER_SERVING,PROJECT_HOSTEL_PORTION_MODEL,PROJECT_ASSUMPTION,Standardized institutional serving portion model,Raw ingredient issuance per single standard serving
Veg Kofta Curry,Tomato,15.0,RAW_INGREDIENT_GRAM_PER_SERVING,PROJECT_HOSTEL_PORTION_MODEL,PROJECT_ASSUMPTION,Standardized institutional serving portion model,Raw ingredient issuance per single standard serving
Veg Kofta Curry,Vegetable oil,8.0,RAW_INGREDIENT_GRAM_PER_SERVING,PROJECT_HOSTEL_PORTION_MODEL,PROJECT_ASSUMPTION,Standardized institutional serving portion model,Raw ingredient issuance per single standard serving
Veg Korma,Potato,25.0,RAW_INGREDIENT_GRAM_PER_SERVING,PROJECT_HOSTEL_PORTION_MODEL,PROJECT_ASSUMPTION,Standardized institutional serving portion model,Raw ingredient issuance per single standard serving
Veg Korma,Cauliflower,25.0,RAW_INGREDIENT_GRAM_PER_SERVING,PROJECT_HOSTEL_PORTION_MODEL,PROJECT_ASSUMPTION,Standardized institutional serving portion model,Raw ingredient issuance per single standard serving
Veg Korma,Carrot,20.0,RAW_INGREDIENT_GRAM_PER_SERVING,PROJECT_HOSTEL_PORTION_MODEL,PROJECT_ASSUMPTION,Standardized institutional serving portion model,Raw ingredient issuance per single standard serving
Veg Korma,Curd / Dahi,15.0,RAW_INGREDIENT_GRAM_PER_SERVING,PROJECT_HOSTEL_PORTION_MODEL,PROJECT_ASSUMPTION,Standardized institutional serving portion model,Raw ingredient issuance per single standard serving
Veg Korma,"Coconut, dry",5.0,RAW_INGREDIENT_GRAM_PER_SERVING,PROJECT_HOSTEL_PORTION_MODEL,PROJECT_ASSUMPTION,Standardized institutional serving portion model,Raw ingredient issuance per single standard serving
Veg Korma,Vegetable oil,5.0,RAW_INGREDIENT_GRAM_PER_SERVING,PROJECT_HOSTEL_PORTION_MODEL,PROJECT_ASSUMPTION,Standardized institutional serving portion model,Raw ingredient issuance per single standard serving
Veg Manchurian,Cabbage,45.0,RAW_INGREDIENT_GRAM_PER_SERVING,PROJECT_HOSTEL_PORTION_MODEL,PROJECT_ASSUMPTION,Standardized institutional serving portion model,Raw ingredient issuance per single standard serving
Veg Manchurian,Carrot,25.0,RAW_INGREDIENT_GRAM_PER_SERVING,PROJECT_HOSTEL_PORTION_MODEL,PROJECT_ASSUMPTION,Standardized institutional serving portion model,Raw ingredient issuance per single standard serving
Veg Manchurian,"Wheat flour, refined",15.0,RAW_INGREDIENT_GRAM_PER_SERVING,PROJECT_HOSTEL_PORTION_MODEL,PROJECT_ASSUMPTION,Standardized institutional serving portion model,Raw ingredient issuance per single standard serving
Veg Manchurian,Onion,10.0,RAW_INGREDIENT_GRAM_PER_SERVING,PROJECT_HOSTEL_PORTION_MODEL,PROJECT_ASSUMPTION,Standardized institutional serving portion model,Raw ingredient issuance per single standard serving
Veg Manchurian,Vegetable oil,8.0,RAW_INGREDIENT_GRAM_PER_SERVING,PROJECT_HOSTEL_PORTION_MODEL,PROJECT_ASSUMPTION,Standardized institutional serving portion model,Raw ingredient issuance per single standard serving
Vermicelli Payasam,"Wheat, vermicelli",20.0,RAW_INGREDIENT_GRAM_PER_SERVING,PROJECT_HOSTEL_PORTION_MODEL,PROJECT_ASSUMPTION,Standardized institutional serving portion model,Raw ingredient issuance per single standard serving
Vermicelli Payasam,"Milk, whole, cow",120.0,RAW_INGREDIENT_GRAM_PER_SERVING,PROJECT_HOSTEL_PORTION_MODEL,PROJECT_ASSUMPTION,Standardized institutional serving portion model,Raw ingredient issuance per single standard serving
Vermicelli Payasam,"Sugar, refined",12.0,RAW_INGREDIENT_GRAM_PER_SERVING,PROJECT_HOSTEL_PORTION_MODEL,PROJECT_ASSUMPTION,Standardized institutional serving portion model,Raw ingredient issuance per single standard serving
Vermicelli Payasam,Ghee,3.0,RAW_INGREDIENT_GRAM_PER_SERVING,PROJECT_HOSTEL_PORTION_MODEL,PROJECT_ASSUMPTION,Standardized institutional serving portion model,Raw ingredient issuance per single standard serving
Vermicelli Pudding with Condensed Milk,"Wheat, vermicelli",20.0,RAW_INGREDIENT_GRAM_PER_SERVING,PROJECT_HOSTEL_PORTION_MODEL,PROJECT_ASSUMPTION,Standardized institutional serving portion model,Raw ingredient issuance per single standard serving
Vermicelli Pudding with Condensed Milk,Condensed milk,30.0,RAW_INGREDIENT_GRAM_PER_SERVING,PROJECT_HOSTEL_PORTION_MODEL,PROJECT_ASSUMPTION,Standardized institutional serving portion model,Raw ingredient issuance per single standard serving
Vermicelli Pudding with Condensed Milk,"Milk, whole, cow",80.0,RAW_INGREDIENT_GRAM_PER_SERVING,PROJECT_HOSTEL_PORTION_MODEL,PROJECT_ASSUMPTION,Standardized institutional serving portion model,Raw ingredient issuance per single standard serving
Vermicelli Pudding with Condensed Milk,"Sugar, refined",5.0,RAW_INGREDIENT_GRAM_PER_SERVING,PROJECT_HOSTEL_PORTION_MODEL,PROJECT_ASSUMPTION,Standardized institutional serving portion model,Raw ingredient issuance per single standard serving
White Chana,Kabuli chana,35.0,RAW_INGREDIENT_GRAM_PER_SERVING,PROJECT_HOSTEL_PORTION_MODEL,PROJECT_ASSUMPTION,Standardized institutional serving portion model,Raw ingredient issuance per single standard serving
White Chana,Onion,15.0,RAW_INGREDIENT_GRAM_PER_SERVING,PROJECT_HOSTEL_PORTION_MODEL,PROJECT_ASSUMPTION,Standardized institutional serving portion model,Raw ingredient issuance per single standard serving
White Chana,Tomato,15.0,RAW_INGREDIENT_GRAM_PER_SERVING,PROJECT_HOSTEL_PORTION_MODEL,PROJECT_ASSUMPTION,Standardized institutional serving portion model,Raw ingredient issuance per single standard serving
White Chana,Ginger,2.0,RAW_INGREDIENT_GRAM_PER_SERVING,PROJECT_HOSTEL_PORTION_MODEL,PROJECT_ASSUMPTION,Standardized institutional serving portion model,Raw ingredient issuance per single standard serving
White Chana,Garlic,2.0,RAW_INGREDIENT_GRAM_PER_SERVING,PROJECT_HOSTEL_PORTION_MODEL,PROJECT_ASSUMPTION,Standardized institutional serving portion model,Raw ingredient issuance per single standard serving
White Chana,Vegetable oil,5.0,RAW_INGREDIENT_GRAM_PER_SERVING,PROJECT_HOSTEL_PORTION_MODEL,PROJECT_ASSUMPTION,Standardized institutional serving portion model,Raw ingredient issuance per single standard serving
Yellow Dal Tadka,"Red gram, dal",30.0,RAW_INGREDIENT_GRAM_PER_SERVING,PROJECT_HOSTEL_PORTION_MODEL,PROJECT_ASSUMPTION,Standardized institutional serving portion model,Raw ingredient issuance per single standard serving
Yellow Dal Tadka,Onion,5.0,RAW_INGREDIENT_GRAM_PER_SERVING,PROJECT_HOSTEL_PORTION_MODEL,PROJECT_ASSUMPTION,Standardized institutional serving portion model,Raw ingredient issuance per single standard serving
Yellow Dal Tadka,Tomato,5.0,RAW_INGREDIENT_GRAM_PER_SERVING,PROJECT_HOSTEL_PORTION_MODEL,PROJECT_ASSUMPTION,Standardized institutional serving portion model,Raw ingredient issuance per single standard serving
Yellow Dal Tadka,Vegetable oil,5.0,RAW_INGREDIENT_GRAM_PER_SERVING,PROJECT_HOSTEL_PORTION_MODEL,PROJECT_ASSUMPTION,Standardized institutional serving portion model,Raw ingredient issuance per single standard serving
Yellow Dal Tadka,Garlic,2.0,RAW_INGREDIENT_GRAM_PER_SERVING,PROJECT_HOSTEL_PORTION_MODEL,PROJECT_ASSUMPTION,Standardized institutional serving portion model,Raw ingredient issuance per single standard serving
Yellow Dal Tadka,Cumin seeds,1.0,RAW_INGREDIENT_GRAM_PER_SERVING,PROJECT_HOSTEL_PORTION_MODEL,PROJECT_ASSUMPTION,Standardized institutional serving portion model,Raw ingredient issuance per single standard serving
